{ 
 "teamOPSs": [0.8021111111111111, 0.7971111111111111, 0.7771111111111111, 0.7753333333333333, 0.7727777777777778, 0.7684444444444445, 0.7677777777777777, 0.766888888888889, 0.766, 0.7647777777777778, 0.7631111111111111, 0.7574444444444445, 0.7526666666666667, 0.7475555555555555, 0.7453333333333334, 0.7453333333333334, 0.7452222222222222, 0.7433333333333333, 0.7398888888888889, 0.737888888888889, 0.7377777777777779, 0.7313333333333332, 0.7255555555555556, 0.7213333333333334, 0.7197777777777777, 0.7142222222222221, 0.7133333333333334, 0.7055555555555556, 0.6946666666666668, 0.6856666666666666], 
 "teamBAs": [0.2645555555555556, 0.26344444444444437, 0.26266666666666666, 0.26255555555555554, 0.2603333333333333, 0.25977777777777783, 0.25855555555555554, 0.2575555555555556, 0.257, 0.2565555555555556, 0.25577777777777777, 0.25577777777777777, 0.2538888888888889, 0.2533333333333334, 0.2527777777777778, 0.252, 0.2518888888888889, 0.2508888888888889, 0.25, 0.2498888888888889, 0.24966666666666665, 0.24955555555555556, 0.24888888888888885, 0.24744444444444444, 0.24733333333333332, 0.24422222222222223, 0.24355555555555553, 0.2418888888888889, 0.23566666666666666, 0.23244444444444445], 
 "teamOBPs": [0.3418888888888889, 0.33688888888888885, 0.3343333333333333, 0.33266666666666667, 0.33266666666666667, 0.33244444444444443, 0.3318888888888889, 0.3313333333333333, 0.3303333333333333, 0.3301111111111111, 0.32955555555555555, 0.32711111111111113, 0.32633333333333336, 0.32522222222222225, 0.32455555555555554, 0.324, 0.3228888888888889, 0.32288888888888884, 0.32255555555555554, 0.3214444444444445, 0.3196666666666667, 0.31911111111111107, 0.3184444444444445, 0.31677777777777777, 0.3164444444444444, 0.3151111111111111, 0.314, 0.3112222222222222, 0.31, 0.3018888888888889]
 }