{ 
 "teamOPSs": [0.8127777777777779, 0.7920000000000001, 0.7825555555555556, 0.7801111111111111, 0.7695555555555557, 0.7671111111111112, 0.7634444444444444, 0.7627777777777779, 0.7615555555555555, 0.7591111111111112, 0.7576666666666666, 0.7571111111111111, 0.7553333333333333, 0.7453333333333333, 0.7446666666666667, 0.7438888888888887, 0.7367777777777778, 0.7358888888888889, 0.7345555555555555, 0.7333333333333333, 0.7312222222222223, 0.7301111111111112, 0.7297777777777779, 0.719, 0.7182222222222222, 0.7163333333333334, 0.7103333333333333, 0.7021111111111111, 0.6983333333333334, 0.6847777777777777], 
 "teamBAs": [0.26233333333333336, 0.2623333333333333, 0.26022222222222224, 0.25911111111111107, 0.258, 0.25722222222222224, 0.2552222222222223, 0.2551111111111111, 0.2527777777777777, 0.2522222222222223, 0.25222222222222224, 0.25133333333333335, 0.25122222222222224, 0.25111111111111106, 0.2508888888888889, 0.2508888888888889, 0.25077777777777777, 0.25055555555555553, 0.2504444444444444, 0.25, 0.24866666666666667, 0.247, 0.24633333333333335, 0.24544444444444447, 0.24511111111111117, 0.24477777777777782, 0.241, 0.24044444444444446, 0.2368888888888889, 0.22899999999999998], 
 "teamOBPs": [0.3463333333333333, 0.3401111111111112, 0.33677777777777773, 0.33322222222222225, 0.3302222222222222, 0.32911111111111113, 0.32766666666666666, 0.32755555555555554, 0.3273333333333333, 0.32722222222222225, 0.32711111111111113, 0.3268888888888889, 0.326, 0.32577777777777783, 0.3257777777777778, 0.32533333333333325, 0.32522222222222225, 0.3247777777777777, 0.32422222222222224, 0.3236666666666667, 0.32355555555555554, 0.3217777777777778, 0.3164444444444445, 0.31466666666666665, 0.31455555555555553, 0.31344444444444447, 0.311, 0.30800000000000005, 0.30577777777777776, 0.303]
 }