{ 
 "teamOPSs": [0.7953333333333332, 0.7894444444444445, 0.7829999999999999, 0.7751111111111112, 0.774888888888889, 0.7694444444444445, 0.7668888888888888, 0.7633333333333334, 0.7582222222222222, 0.7573333333333333, 0.7564444444444445, 0.7546666666666667, 0.7529999999999999, 0.7523333333333332, 0.748, 0.7463333333333333, 0.7458888888888889, 0.7402222222222222, 0.7395555555555555, 0.7380000000000001, 0.7305555555555556, 0.7284444444444444, 0.7237777777777779, 0.7228888888888889, 0.7184444444444444, 0.7154444444444444, 0.7120000000000001, 0.7038888888888889, 0.6992222222222222, 0.6818888888888889], 
 "teamBAs": [0.2687777777777777, 0.2643333333333333, 0.2641111111111111, 0.26155555555555554, 0.2594444444444444, 0.2594444444444444, 0.2567777777777778, 0.2563333333333333, 0.25533333333333336, 0.2552222222222222, 0.25500000000000006, 0.25344444444444447, 0.2525555555555556, 0.25100000000000006, 0.25044444444444447, 0.25, 0.24944444444444447, 0.24944444444444447, 0.24877777777777776, 0.24866666666666667, 0.24833333333333332, 0.24766666666666667, 0.24755555555555553, 0.24733333333333332, 0.24455555555555555, 0.24399999999999997, 0.242, 0.24088888888888896, 0.23955555555555552, 0.23399999999999999], 
 "teamOBPs": [0.34199999999999997, 0.3398888888888889, 0.33944444444444444, 0.3321111111111111, 0.33144444444444443, 0.3307777777777778, 0.3306666666666666, 0.32966666666666666, 0.3295555555555556, 0.32922222222222225, 0.3292222222222222, 0.328, 0.3277777777777778, 0.3264444444444445, 0.3257777777777777, 0.3247777777777777, 0.32277777777777783, 0.3224444444444445, 0.32099999999999995, 0.32066666666666666, 0.32, 0.3194444444444444, 0.31477777777777777, 0.3143333333333334, 0.31277777777777777, 0.31233333333333335, 0.309, 0.3075555555555555, 0.30433333333333334, 0.30000000000000004]
 }