{ 
 "teamOPSs": [0.8039999999999999, 0.7995555555555556, 0.7853333333333333, 0.7691111111111111, 0.7686666666666667, 0.7602222222222221, 0.7578888888888888, 0.7575555555555558, 0.7544444444444444, 0.7538888888888888, 0.7536666666666666, 0.7532222222222223, 0.7512222222222222, 0.747, 0.7464444444444445, 0.7420000000000001, 0.742, 0.74, 0.7395555555555555, 0.7394444444444443, 0.7392222222222222, 0.7310000000000001, 0.7294444444444445, 0.7257777777777777, 0.7203333333333334, 0.7195555555555555, 0.7162222222222222, 0.7042222222222222, 0.6963333333333334, 0.6824444444444444], 
 "teamBAs": [0.2661111111111112, 0.2647777777777778, 0.2642222222222222, 0.2623333333333333, 0.262, 0.261, 0.25911111111111107, 0.2581111111111111, 0.2571111111111111, 0.25577777777777777, 0.2556666666666667, 0.2544444444444445, 0.2538888888888889, 0.25333333333333335, 0.2531111111111111, 0.25255555555555553, 0.2521111111111111, 0.2517777777777778, 0.2516666666666667, 0.25044444444444447, 0.24766666666666667, 0.24611111111111114, 0.2458888888888889, 0.24444444444444446, 0.24422222222222223, 0.24355555555555553, 0.24322222222222223, 0.24244444444444443, 0.24000000000000002, 0.22644444444444448], 
 "teamOBPs": [0.34299999999999997, 0.342, 0.3382222222222222, 0.33511111111111114, 0.3334444444444444, 0.33111111111111113, 0.3306666666666667, 0.3303333333333333, 0.3295555555555556, 0.32899999999999996, 0.32888888888888895, 0.3282222222222222, 0.32766666666666666, 0.3262222222222222, 0.326, 0.32500000000000007, 0.3247777777777777, 0.32211111111111107, 0.32022222222222224, 0.3177777777777778, 0.31777777777777777, 0.31766666666666665, 0.31600000000000006, 0.3157777777777777, 0.31433333333333335, 0.3134444444444445, 0.3118888888888889, 0.3092222222222223, 0.30477777777777776, 0.30333333333333334]
 }