{ 
 "teamOPSs": [0.8143333333333334, 0.7993333333333333, 0.7896666666666666, 0.7821111111111111, 0.7787777777777777, 0.7712222222222223, 0.7687777777777778, 0.7632222222222222, 0.7626666666666667, 0.7623333333333334, 0.7571111111111112, 0.7565555555555554, 0.7549999999999999, 0.748, 0.7464444444444445, 0.7453333333333334, 0.7424444444444445, 0.7416666666666667, 0.7364444444444443, 0.7355555555555556, 0.7331111111111112, 0.733111111111111, 0.7276666666666666, 0.7272222222222222, 0.7230000000000001, 0.7195555555555555, 0.7146666666666667, 0.7076666666666667, 0.6985555555555556, 0.6768888888888888], 
 "teamBAs": [0.267, 0.26522222222222225, 0.2648888888888889, 0.26322222222222225, 0.26211111111111113, 0.2603333333333333, 0.2601111111111111, 0.25755555555555554, 0.25666666666666665, 0.2561111111111111, 0.2557777777777778, 0.2553333333333334, 0.25477777777777777, 0.25288888888888894, 0.2525555555555556, 0.2524444444444444, 0.2523333333333333, 0.2515555555555556, 0.24966666666666665, 0.24944444444444447, 0.249, 0.24877777777777776, 0.24866666666666667, 0.24811111111111106, 0.2466666666666667, 0.24600000000000005, 0.24477777777777782, 0.24033333333333332, 0.23344444444444445, 0.22955555555555554], 
 "teamOBPs": [0.341, 0.34055555555555556, 0.33677777777777773, 0.3366666666666666, 0.3351111111111111, 0.3338888888888889, 0.33288888888888885, 0.3306666666666667, 0.32855555555555555, 0.32811111111111113, 0.3264444444444445, 0.3261111111111111, 0.326, 0.3255555555555556, 0.32366666666666666, 0.32355555555555554, 0.323, 0.3228888888888889, 0.3227777777777778, 0.3223333333333333, 0.32099999999999995, 0.32066666666666666, 0.3174444444444445, 0.31622222222222224, 0.31533333333333335, 0.31166666666666665, 0.3107777777777778, 0.3063333333333333, 0.30488888888888893, 0.3018888888888889]
 }