{ 
 "teamOPSs": [0.7831111111111111, 0.7795555555555556, 0.7794444444444445, 0.7736666666666667, 0.7618888888888888, 0.7593333333333335, 0.7563333333333334, 0.7547777777777778, 0.7515555555555555, 0.7512222222222221, 0.7501111111111111, 0.7458888888888889, 0.7412222222222221, 0.7405555555555554, 0.7388888888888888, 0.7372222222222223, 0.7343333333333333, 0.7334444444444446, 0.7312222222222222, 0.7296666666666665, 0.7295555555555555, 0.729, 0.7244444444444444, 0.7225555555555556, 0.7215555555555555, 0.7157777777777778, 0.7084444444444443, 0.7063333333333333, 0.7018888888888888, 0.6864444444444445], 
 "teamBAs": [0.2647777777777778, 0.261, 0.2601111111111111, 0.2595555555555556, 0.25933333333333336, 0.2588888888888889, 0.25722222222222224, 0.257, 0.2564444444444444, 0.256, 0.25577777777777777, 0.25377777777777777, 0.25288888888888894, 0.2526666666666667, 0.2516666666666667, 0.251, 0.2508888888888889, 0.2503333333333334, 0.2496666666666667, 0.24622222222222223, 0.246, 0.24477777777777782, 0.24422222222222226, 0.24399999999999997, 0.24344444444444444, 0.24200000000000005, 0.24000000000000002, 0.23888888888888887, 0.2386666666666667, 0.232], 
 "teamOBPs": [0.3383333333333333, 0.336, 0.3347777777777778, 0.33, 0.3293333333333333, 0.32877777777777784, 0.32833333333333337, 0.32811111111111113, 0.3273333333333333, 0.32711111111111113, 0.32599999999999996, 0.3256666666666666, 0.3248888888888889, 0.3244444444444444, 0.3234444444444444, 0.3213333333333333, 0.321, 0.3203333333333333, 0.32, 0.3182222222222222, 0.31633333333333336, 0.3162222222222222, 0.3152222222222222, 0.31333333333333335, 0.3121111111111111, 0.3118888888888889, 0.31177777777777776, 0.3071111111111111, 0.30466666666666664, 0.3042222222222223]
 }