{ 
 "teamOPSs": [0.7995555555555556, 0.7961111111111111, 0.7717777777777778, 0.7697777777777777, 0.7653333333333333, 0.7643333333333333, 0.7626666666666666, 0.7621111111111111, 0.7582222222222222, 0.7574444444444445, 0.7562222222222224, 0.7529999999999999, 0.752888888888889, 0.742111111111111, 0.7415555555555555, 0.7406666666666667, 0.7387777777777778, 0.737888888888889, 0.7357777777777778, 0.7319999999999999, 0.7313333333333332, 0.7255555555555555, 0.7198888888888889, 0.7152222222222222, 0.7142222222222222, 0.7137777777777778, 0.7137777777777777, 0.707, 0.7024444444444443, 0.6861111111111112], 
 "teamBAs": [0.2664444444444445, 0.26133333333333336, 0.2608888888888889, 0.2604444444444444, 0.25777777777777783, 0.2573333333333333, 0.25677777777777777, 0.256, 0.256, 0.255, 0.2542222222222222, 0.2538888888888889, 0.25322222222222224, 0.2502222222222222, 0.2501111111111111, 0.2498888888888889, 0.2496666666666667, 0.24933333333333335, 0.24933333333333335, 0.24911111111111112, 0.24855555555555556, 0.24711111111111114, 0.24666666666666665, 0.2454444444444444, 0.24355555555555553, 0.24322222222222223, 0.24322222222222223, 0.242, 0.23755555555555555, 0.232], 
 "teamOBPs": [0.3414444444444444, 0.33466666666666667, 0.3305555555555556, 0.33033333333333337, 0.3302222222222222, 0.32933333333333326, 0.32855555555555555, 0.32833333333333337, 0.328, 0.32766666666666666, 0.326, 0.3252222222222222, 0.32455555555555554, 0.3231111111111111, 0.32266666666666666, 0.3224444444444445, 0.3224444444444445, 0.3202222222222223, 0.3191111111111111, 0.3188888888888889, 0.3185555555555556, 0.31833333333333336, 0.31722222222222224, 0.3164444444444444, 0.31577777777777777, 0.31566666666666665, 0.3121111111111111, 0.31211111111111106, 0.30833333333333335, 0.30777777777777776]
 }