{ 
 "teamOPSs": [0.8021111111111111, 0.7943333333333334, 0.7864444444444445, 0.7774444444444444, 0.7757777777777778, 0.771, 0.7697777777777777, 0.7617777777777779, 0.761, 0.7541111111111111, 0.7528888888888888, 0.7466666666666666, 0.7465555555555555, 0.7443333333333332, 0.7442222222222222, 0.7414444444444446, 0.7386666666666666, 0.737, 0.7356666666666667, 0.7348888888888889, 0.7332222222222222, 0.7326666666666666, 0.7322222222222221, 0.7318888888888888, 0.7253333333333333, 0.7250000000000001, 0.7121111111111111, 0.6992222222222222, 0.6984444444444444, 0.695], 
 "teamBAs": [0.2632222222222222, 0.2625555555555555, 0.2607777777777778, 0.26055555555555554, 0.2601111111111111, 0.2597777777777777, 0.2581111111111112, 0.2581111111111111, 0.25655555555555565, 0.25611111111111107, 0.256, 0.2556666666666667, 0.2552222222222222, 0.255, 0.25488888888888883, 0.25322222222222224, 0.2516666666666667, 0.25044444444444447, 0.2502222222222222, 0.2498888888888889, 0.24866666666666667, 0.24822222222222223, 0.24777777777777776, 0.24555555555555555, 0.24322222222222223, 0.24044444444444446, 0.2401111111111111, 0.24000000000000002, 0.23522222222222222, 0.23188888888888892], 
 "teamOBPs": [0.34211111111111103, 0.3416666666666667, 0.33744444444444444, 0.33222222222222225, 0.33211111111111113, 0.3321111111111111, 0.33055555555555555, 0.3305555555555555, 0.33011111111111113, 0.3298888888888889, 0.329, 0.329, 0.32844444444444443, 0.32655555555555554, 0.3244444444444445, 0.3241111111111111, 0.3224444444444445, 0.3221111111111111, 0.3215555555555556, 0.32066666666666666, 0.32055555555555565, 0.3204444444444444, 0.3192222222222222, 0.31733333333333325, 0.3164444444444445, 0.3156666666666667, 0.3147777777777778, 0.3088888888888889, 0.30544444444444446, 0.3015555555555555]
 }