{ 
 "teamOPSs": [0.7974444444444445, 0.7926666666666669, 0.7921111111111111, 0.786111111111111, 0.7787777777777778, 0.7706666666666666, 0.7661111111111113, 0.766, 0.7612222222222221, 0.7605555555555555, 0.7577777777777778, 0.7565555555555554, 0.7543333333333333, 0.7537777777777779, 0.7523333333333334, 0.747, 0.7428888888888889, 0.742111111111111, 0.7318888888888888, 0.7256666666666667, 0.7197777777777778, 0.718, 0.7157777777777778, 0.7152222222222222, 0.7151111111111111, 0.7121111111111111, 0.7064444444444444, 0.7051111111111112, 0.6916666666666668, 0.6666666666666666], 
 "teamBAs": [0.26855555555555555, 0.2634444444444444, 0.2613333333333333, 0.26033333333333336, 0.2594444444444444, 0.2586666666666667, 0.2577777777777777, 0.25677777777777777, 0.2564444444444445, 0.2554444444444444, 0.25466666666666665, 0.25433333333333336, 0.25400000000000006, 0.25344444444444447, 0.25266666666666665, 0.2521111111111112, 0.25188888888888883, 0.25155555555555553, 0.25122222222222224, 0.2501111111111111, 0.24877777777777782, 0.24788888888888888, 0.24744444444444444, 0.2466666666666667, 0.245, 0.24377777777777776, 0.24222222222222223, 0.2422222222222222, 0.23922222222222222, 0.2287777777777778], 
 "teamOBPs": [0.34311111111111114, 0.338, 0.3345555555555555, 0.33122222222222225, 0.33099999999999996, 0.3302222222222222, 0.3298888888888889, 0.32888888888888895, 0.32833333333333337, 0.3283333333333333, 0.3274444444444444, 0.32711111111111113, 0.3254444444444444, 0.3245555555555556, 0.3244444444444444, 0.3237777777777778, 0.3231111111111111, 0.3231111111111111, 0.3218888888888889, 0.3212222222222222, 0.31966666666666665, 0.3171111111111111, 0.3147777777777778, 0.31277777777777777, 0.31255555555555564, 0.31255555555555553, 0.3103333333333333, 0.30133333333333334, 0.30099999999999993, 0.2934444444444444]
 }