{ 
 "teamOPSs": [0.7804444444444445, 0.7756666666666666, 0.7744444444444445, 0.7712222222222223, 0.7584444444444444, 0.7562222222222222, 0.7547777777777778, 0.7502222222222223, 0.7444444444444445, 0.7426666666666667, 0.7408888888888889, 0.7378888888888888, 0.7354444444444445, 0.7343333333333333, 0.7342222222222222, 0.7340000000000001, 0.7279999999999999, 0.7277777777777776, 0.7268888888888889, 0.7268888888888889, 0.7249999999999999, 0.7184444444444444, 0.7174444444444446, 0.716, 0.7091111111111111, 0.7063333333333333, 0.7062222222222222, 0.701, 0.6987777777777778, 0.6759999999999999], 
 "teamBAs": [0.2624444444444445, 0.25966666666666666, 0.2594444444444445, 0.2587777777777778, 0.258, 0.25677777777777777, 0.2564444444444444, 0.2557777777777778, 0.25477777777777777, 0.25333333333333335, 0.2531111111111112, 0.25188888888888894, 0.2508888888888889, 0.25033333333333335, 0.25022222222222223, 0.2497777777777778, 0.24966666666666665, 0.24955555555555556, 0.24900000000000005, 0.2488888888888889, 0.24855555555555556, 0.24822222222222223, 0.24777777777777774, 0.24600000000000005, 0.24477777777777782, 0.24133333333333334, 0.2401111111111111, 0.23811111111111108, 0.23633333333333337, 0.23188888888888892], 
 "teamOBPs": [0.3391111111111111, 0.329, 0.32888888888888895, 0.3285555555555556, 0.32833333333333337, 0.32755555555555554, 0.3274444444444444, 0.32711111111111113, 0.3262222222222222, 0.3258888888888889, 0.32577777777777783, 0.32566666666666666, 0.3224444444444445, 0.3224444444444445, 0.3218888888888889, 0.3211111111111112, 0.32077777777777783, 0.319, 0.3186666666666666, 0.3185555555555555, 0.31822222222222224, 0.3174444444444444, 0.31633333333333336, 0.3142222222222222, 0.31333333333333335, 0.31222222222222223, 0.30877777777777776, 0.3074444444444444, 0.3054444444444444, 0.29744444444444446]
 }