{ 
  
"teamOPSs": [0.78, 0.7765555555555556, 0.7763333333333333, 0.774, 0.7654444444444444, 0.7586666666666668, 0.7566666666666667, 0.7528888888888887, 0.7517777777777779, 0.7515555555555555, 0.7485555555555556, 0.7445555555555555, 0.7425555555555556, 0.7408888888888888, 0.7395555555555555, 0.7383333333333333, 0.735, 0.7347777777777778, 0.7336666666666667, 0.7313333333333333, 0.7288888888888889, 0.7274444444444444, 0.7252222222222222, 0.7215555555555555, 0.7207777777777777, 0.7152222222222221, 0.7113333333333333, 0.7068888888888889, 0.7035555555555556, 0.6885555555555556], 
 "teamBAs": [0.2614444444444445, 0.26077777777777783, 0.26, 0.2597777777777778, 0.2596666666666667, 0.25788888888888883, 0.2574444444444445, 0.25633333333333336, 0.25577777777777777, 0.2546666666666667, 0.25466666666666665, 0.2541111111111112, 0.25400000000000006, 0.25377777777777777, 0.2521111111111111, 0.2511111111111111, 0.25077777777777777, 0.25, 0.24955555555555556, 0.24655555555555558, 0.24600000000000005, 0.245, 0.24455555555555555, 0.2441111111111111, 0.24311111111111114, 0.24233333333333335, 0.2408888888888889, 0.23711111111111116, 0.2366666666666667, 0.2361111111111111], 
 "teamOBPs": [0.33988888888888885, 0.33666666666666667, 0.335, 0.33211111111111113, 0.3291111111111111, 0.3288888888888889, 0.3282222222222222, 0.3281111111111111, 0.32711111111111113, 0.3266666666666666, 0.3263333333333333, 0.326, 0.3254444444444445, 0.32499999999999996, 0.32466666666666666, 0.3232222222222222, 0.32111111111111107, 0.32055555555555565, 0.32011111111111107, 0.31711111111111107, 0.31699999999999995, 0.316, 0.31599999999999995, 0.31299999999999994, 0.31200000000000006, 0.31055555555555553, 0.30966666666666665, 0.30711111111111106, 0.3053333333333333, 0.3045555555555556]
 }