{ 
 "teamOPSs": [0.7942222222222222, 0.7894444444444445, 0.7831111111111111, 0.7728888888888888, 0.7704444444444445, 0.7692222222222224, 0.7625555555555555, 0.7616666666666666, 0.7614444444444445, 0.7608888888888887, 0.7605555555555554, 0.753, 0.7511111111111112, 0.7455555555555556, 0.7446666666666667, 0.7417777777777778, 0.737, 0.736888888888889, 0.7349999999999999, 0.7339999999999999, 0.7267777777777779, 0.7260000000000001, 0.7203333333333334, 0.7198888888888889, 0.7192222222222222, 0.7019999999999998, 0.6985555555555556, 0.6985555555555555, 0.691, 0.6834444444444444], 
 "teamBAs": [0.2644444444444445, 0.2642222222222222, 0.26399999999999996, 0.263, 0.2581111111111112, 0.25722222222222224, 0.2563333333333333, 0.25611111111111107, 0.25400000000000006, 0.2534444444444444, 0.25322222222222224, 0.25177777777777777, 0.25144444444444447, 0.25088888888888883, 0.25055555555555553, 0.2504444444444444, 0.2496666666666667, 0.24944444444444447, 0.24833333333333332, 0.24833333333333332, 0.24799999999999997, 0.24722222222222223, 0.24455555555555555, 0.24377777777777776, 0.243, 0.243, 0.24288888888888888, 0.24177777777777776, 0.23655555555555555, 0.23111111111111113], 
 "teamOBPs": [0.3421111111111111, 0.33944444444444444, 0.33777777777777773, 0.33333333333333337, 0.333, 0.3307777777777778, 0.3302222222222222, 0.33, 0.3283333333333333, 0.3272222222222222, 0.3252222222222222, 0.3252222222222222, 0.3252222222222222, 0.325, 0.323, 0.3205555555555556, 0.32033333333333336, 0.3192222222222222, 0.31877777777777777, 0.3186666666666667, 0.31733333333333336, 0.31611111111111106, 0.3158888888888889, 0.31355555555555553, 0.3128888888888889, 0.31266666666666665, 0.31133333333333335, 0.3058888888888889, 0.305, 0.30433333333333334]
 }