{ 
 "teamOPSs": [0.7797777777777778, 0.7777777777777778, 0.7776666666666667, 0.7755555555555557, 0.7607777777777778, 0.7592222222222224, 0.7583333333333333, 0.7547777777777777, 0.7503333333333333, 0.7491111111111111, 0.7452222222222222, 0.7444444444444445, 0.7423333333333333, 0.74, 0.7376666666666667, 0.7343333333333333, 0.7335555555555555, 0.7333333333333333, 0.730111111111111, 0.7282222222222222, 0.7281111111111112, 0.7228888888888889, 0.7208888888888888, 0.7148888888888889, 0.7123333333333333, 0.7092222222222222, 0.7057777777777777, 0.7034444444444444, 0.6772222222222223, 0.669], 
 "teamBAs": [0.2617777777777778, 0.26111111111111107, 0.2601111111111111, 0.2597777777777778, 0.2594444444444444, 0.25855555555555554, 0.2574444444444445, 0.25688888888888894, 0.2555555555555556, 0.2553333333333334, 0.255, 0.2546666666666667, 0.25322222222222224, 0.25099999999999995, 0.25088888888888894, 0.2508888888888889, 0.25022222222222223, 0.24944444444444447, 0.24633333333333335, 0.2446666666666667, 0.24433333333333332, 0.24422222222222223, 0.24355555555555553, 0.2426666666666667, 0.24233333333333335, 0.24177777777777779, 0.23722222222222225, 0.237, 0.23399999999999999, 0.22722222222222221], 
 "teamOBPs": [0.33799999999999997, 0.33622222222222226, 0.335, 0.33322222222222225, 0.3293333333333333, 0.32933333333333326, 0.32877777777777784, 0.32811111111111113, 0.32733333333333337, 0.32666666666666666, 0.32566666666666666, 0.3253333333333333, 0.325, 0.32499999999999996, 0.3231111111111111, 0.3228888888888889, 0.3215555555555556, 0.3206666666666667, 0.32022222222222224, 0.31711111111111107, 0.3162222222222222, 0.31611111111111106, 0.31299999999999994, 0.31122222222222223, 0.3111111111111111, 0.31011111111111106, 0.3065555555555555, 0.30533333333333335, 0.3022222222222222, 0.28355555555555556]
 }