{ 
 "teamOPSs": [0.7903333333333333, 0.7771111111111112, 0.7727777777777779, 0.769, 0.7677777777777779, 0.766, 0.7657777777777777, 0.7568888888888888, 0.754, 0.7515555555555556, 0.750777777777778, 0.7503333333333333, 0.7472222222222222, 0.7467777777777777, 0.7425555555555556, 0.7422222222222221, 0.7348888888888889, 0.733, 0.7317777777777779, 0.7308888888888889, 0.7283333333333333, 0.7258888888888888, 0.7248888888888888, 0.7200000000000001, 0.716888888888889, 0.7164444444444444, 0.7157777777777778, 0.7005555555555555, 0.6931111111111111, 0.6817777777777777], 
 "teamBAs": [0.2614444444444444, 0.26122222222222224, 0.2604444444444444, 0.25933333333333336, 0.2592222222222222, 0.25777777777777783, 0.2566666666666667, 0.2564444444444444, 0.2564444444444444, 0.25477777777777777, 0.2537777777777778, 0.2534444444444444, 0.2528888888888889, 0.2518888888888889, 0.2514444444444444, 0.25111111111111106, 0.25044444444444447, 0.25033333333333335, 0.24911111111111106, 0.24855555555555553, 0.24744444444444444, 0.24733333333333332, 0.246, 0.24555555555555555, 0.2454444444444445, 0.2444444444444444, 0.2418888888888889, 0.2412222222222222, 0.24055555555555555, 0.23344444444444448], 
 "teamOBPs": [0.339, 0.3363333333333333, 0.3355555555555555, 0.3306666666666666, 0.32966666666666666, 0.3291111111111111, 0.32833333333333337, 0.3281111111111111, 0.3268888888888889, 0.32688888888888884, 0.3267777777777778, 0.3264444444444445, 0.3258888888888889, 0.3247777777777778, 0.3236666666666667, 0.32355555555555554, 0.3233333333333333, 0.3223333333333333, 0.32111111111111107, 0.32066666666666666, 0.31888888888888894, 0.31866666666666665, 0.317, 0.31444444444444447, 0.3137777777777778, 0.31377777777777777, 0.3105555555555556, 0.30666666666666664, 0.304, 0.3001111111111111]
 }