{ 
 "teamOPSs": [0.8077777777777779, 0.7910000000000001, 0.7775555555555556, 0.7697777777777778, 0.7673333333333334, 0.7673333333333334, 0.7647777777777778, 0.76, 0.7585555555555555, 0.7547777777777778, 0.7521111111111112, 0.7477777777777777, 0.7453333333333333, 0.7438888888888889, 0.7418888888888889, 0.7395555555555555, 0.7392222222222222, 0.7366666666666667, 0.733111111111111, 0.732, 0.7316666666666667, 0.7296666666666666, 0.7287777777777777, 0.7226666666666666, 0.7162222222222222, 0.7158888888888888, 0.7056666666666666, 0.7054444444444444, 0.6854444444444444, 0.6741111111111112], 
 "teamBAs": [0.26355555555555554, 0.2623333333333333, 0.262, 0.26166666666666666, 0.261, 0.26, 0.2575555555555556, 0.2561111111111111, 0.25355555555555553, 0.2528888888888889, 0.2525555555555556, 0.2521111111111111, 0.2513333333333333, 0.2501111111111112, 0.24944444444444447, 0.24922222222222226, 0.24877777777777776, 0.24811111111111106, 0.24788888888888888, 0.24688888888888894, 0.24666666666666665, 0.24644444444444444, 0.24633333333333335, 0.24611111111111114, 0.24566666666666664, 0.24333333333333332, 0.2406666666666667, 0.23933333333333337, 0.2365555555555556, 0.22655555555555557], 
 "teamOBPs": [0.34611111111111115, 0.33766666666666667, 0.3344444444444445, 0.3298888888888889, 0.3297777777777778, 0.32844444444444443, 0.3278888888888889, 0.3272222222222222, 0.3267777777777778, 0.32666666666666666, 0.3263333333333333, 0.3261111111111112, 0.3257777777777778, 0.32466666666666666, 0.32366666666666666, 0.32277777777777783, 0.3222222222222222, 0.3197777777777777, 0.3191111111111111, 0.3188888888888889, 0.31855555555555554, 0.3164444444444445, 0.3147777777777778, 0.31466666666666665, 0.31444444444444447, 0.31444444444444447, 0.31177777777777776, 0.31177777777777776, 0.3033333333333334, 0.29933333333333334]
 }