{ 
 "teamOPSs": [0.78, 0.7765555555555556, 0.7763333333333333, 0.774, 0.7654444444444444, 0.7580000000000001, 0.7566666666666667, 0.7528888888888887, 0.7517777777777779, 0.7512222222222221, 0.7476666666666668, 0.743, 0.7425555555555556, 0.7408888888888888, 0.7395555555555555, 0.7383333333333333, 0.735, 0.7347777777777778, 0.7336666666666667, 0.7303333333333333, 0.73, 0.7274444444444444, 0.7252222222222222, 0.7215555555555555, 0.7206666666666667, 0.7143333333333332, 0.7113333333333333, 0.7068888888888889, 0.7035555555555556, 0.6834444444444445], 
 "teamBAs": [0.2611111111111111, 0.2604444444444445, 0.26, 0.2597777777777778, 0.25922222222222224, 0.25788888888888883, 0.2574444444444445, 0.25688888888888894, 0.25633333333333336, 0.25577777777777777, 0.25466666666666665, 0.2541111111111112, 0.25400000000000006, 0.25377777777777777, 0.2521111111111111, 0.2511111111111111, 0.25077777777777777, 0.25, 0.2497777777777778, 0.24633333333333335, 0.24600000000000005, 0.245, 0.24455555555555555, 0.2441111111111111, 0.24311111111111114, 0.24233333333333335, 0.2408888888888889, 0.2367777777777778, 0.2366666666666667, 0.23444444444444448], 
 "teamOBPs": [0.33988888888888885, 0.33666666666666667, 0.335, 0.33211111111111113, 0.3288888888888889, 0.3287777777777778, 0.3282222222222222, 0.3281111111111111, 0.32677777777777783, 0.3266666666666666, 0.3263333333333333, 0.3258888888888889, 0.3254444444444445, 0.32499999999999996, 0.32466666666666666, 0.3227777777777778, 0.32111111111111107, 0.32055555555555565, 0.31988888888888883, 0.31711111111111107, 0.31666666666666665, 0.31655555555555553, 0.31599999999999995, 0.31299999999999994, 0.31200000000000006, 0.31055555555555553, 0.30966666666666665, 0.30711111111111106, 0.3053333333333333, 0.3033333333333334]
 }