{ 
 "teamOPSs": [0.7804444444444444, 0.778, 0.7744444444444445, 0.771, 0.7627777777777777, 0.7624444444444445, 0.757, 0.7505555555555554, 0.7496666666666667, 0.7462222222222222, 0.7448888888888887, 0.7442222222222221, 0.7424444444444444, 0.7405555555555554, 0.7386666666666667, 0.7322222222222222, 0.7294444444444445, 0.7269999999999999, 0.7258888888888888, 0.7242222222222223, 0.7223333333333334, 0.7168888888888889, 0.7163333333333334, 0.7104444444444444, 0.7057777777777778, 0.7041111111111111, 0.7016666666666667, 0.700888888888889, 0.6778888888888888, 0.6643333333333333], 
 "teamBAs": [0.26566666666666666, 0.2626666666666667, 0.2617777777777778, 0.2607777777777778, 0.26022222222222224, 0.2596666666666667, 0.25933333333333336, 0.25700000000000006, 0.2564444444444445, 0.2556666666666667, 0.25477777777777777, 0.2525555555555556, 0.25166666666666665, 0.2513333333333334, 0.2506666666666667, 0.2485555555555556, 0.24855555555555556, 0.2484444444444444, 0.24811111111111112, 0.24777777777777782, 0.24755555555555558, 0.2452222222222222, 0.2451111111111111, 0.24333333333333332, 0.2427777777777778, 0.2411111111111111, 0.2408888888888889, 0.24033333333333332, 0.23444444444444443, 0.22244444444444447], 
 "teamOBPs": [0.34088888888888885, 0.3367777777777778, 0.3304444444444445, 0.32888888888888895, 0.3283333333333333, 0.3282222222222222, 0.3281111111111111, 0.32755555555555554, 0.32622222222222225, 0.32555555555555554, 0.3244444444444444, 0.32333333333333336, 0.3227777777777778, 0.3221111111111111, 0.3217777777777778, 0.3217777777777778, 0.3204444444444444, 0.3204444444444444, 0.31988888888888883, 0.31877777777777777, 0.3181111111111111, 0.3178888888888889, 0.31633333333333336, 0.3155555555555556, 0.31366666666666665, 0.3131111111111111, 0.3027777777777778, 0.30244444444444446, 0.3021111111111111, 0.29622222222222216]
 }