{ 
 "teamOPSs": [0.794, 0.7855555555555556, 0.7785555555555554, 0.778222222222222, 0.7726666666666667, 0.7716666666666667, 0.7714444444444444, 0.7628888888888888, 0.7617777777777778, 0.7581111111111112, 0.7534444444444445, 0.7524444444444445, 0.7517777777777778, 0.7495555555555555, 0.7483333333333334, 0.7447777777777778, 0.7425555555555555, 0.7386666666666666, 0.7356666666666667, 0.7325555555555555, 0.7322222222222222, 0.7318888888888889, 0.7293333333333334, 0.7245555555555556, 0.7227777777777779, 0.7194444444444446, 0.7153333333333333, 0.7126666666666668, 0.7007777777777778, 0.6805555555555557], 
 "teamBAs": [0.2636666666666667, 0.2594444444444444, 0.25922222222222224, 0.25900000000000006, 0.2581111111111112, 0.2571111111111111, 0.25622222222222224, 0.2557777777777778, 0.25555555555555554, 0.25477777777777777, 0.2546666666666667, 0.25355555555555553, 0.25322222222222224, 0.25244444444444447, 0.2521111111111111, 0.2514444444444444, 0.2511111111111111, 0.25077777777777777, 0.2506666666666667, 0.24988888888888894, 0.2496666666666667, 0.24866666666666667, 0.24788888888888888, 0.24766666666666667, 0.24755555555555558, 0.24666666666666665, 0.2451111111111111, 0.2397777777777778, 0.23922222222222222, 0.23133333333333336], 
 "teamOBPs": [0.3412222222222222, 0.3342222222222222, 0.33355555555555555, 0.3320000000000001, 0.33199999999999996, 0.33133333333333337, 0.3283333333333333, 0.3272222222222222, 0.3268888888888889, 0.3262222222222222, 0.3262222222222222, 0.3257777777777778, 0.3254444444444445, 0.3254444444444444, 0.32533333333333336, 0.3247777777777778, 0.32455555555555554, 0.3237777777777778, 0.322, 0.32155555555555554, 0.31933333333333336, 0.3183333333333333, 0.31611111111111106, 0.31511111111111106, 0.31488888888888894, 0.31355555555555553, 0.3123333333333333, 0.31133333333333335, 0.3095555555555556, 0.3026666666666667]
 }