{ 
 "teamOPSs": [0.7863333333333333, 0.7795555555555556, 0.7763333333333333, 0.774, 0.7654444444444444, 0.7580000000000001, 0.7577777777777778, 0.7522222222222221, 0.7521111111111112, 0.7519999999999998, 0.7487777777777779, 0.7433333333333334, 0.7425555555555556, 0.7413333333333332, 0.740888888888889, 0.7388888888888888, 0.735, 0.7338888888888889, 0.7337777777777778, 0.7305555555555556, 0.7274444444444444, 0.7252222222222222, 0.7223333333333333, 0.7192222222222222, 0.7152222222222221, 0.714, 0.7102222222222222, 0.7064444444444444, 0.6994444444444444, 0.6868888888888889], 
 "teamBAs": [0.26266666666666666, 0.2604444444444445, 0.26, 0.2594444444444445, 0.2594444444444444, 0.25788888888888883, 0.2571111111111111, 0.2565555555555556, 0.25633333333333336, 0.2558888888888889, 0.25400000000000006, 0.25400000000000006, 0.2536666666666667, 0.25333333333333335, 0.2521111111111111, 0.25077777777777777, 0.25022222222222223, 0.25, 0.2497777777777778, 0.2464444444444445, 0.245, 0.24455555555555555, 0.24455555555555555, 0.24344444444444446, 0.24322222222222223, 0.24222222222222223, 0.2408888888888889, 0.23855555555555552, 0.23722222222222225, 0.2317777777777778], 
 "teamOBPs": [0.33988888888888885, 0.3368888888888889, 0.33488888888888885, 0.3337777777777778, 0.32911111111111113, 0.3287777777777778, 0.3284444444444445, 0.3281111111111111, 0.32711111111111113, 0.3264444444444445, 0.3258888888888889, 0.325, 0.32499999999999996, 0.3248888888888889, 0.3228888888888889, 0.32133333333333336, 0.32055555555555565, 0.31966666666666665, 0.3187777777777778, 0.31711111111111107, 0.31711111111111107, 0.3164444444444444, 0.31599999999999995, 0.31311111111111106, 0.3118888888888889, 0.31055555555555553, 0.3101111111111111, 0.3068888888888888, 0.3044444444444444, 0.3035555555555555]
 }