{ 
 "teamOPSs": [0.7866666666666666, 0.7802222222222222, 0.7742222222222223, 0.7632222222222222, 0.7561111111111112, 0.7558888888888888, 0.7547777777777779, 0.7541111111111111, 0.7536666666666667, 0.7465555555555556, 0.7464444444444442, 0.7454444444444445, 0.7449999999999999, 0.7447777777777778, 0.7421111111111112, 0.732, 0.7286666666666666, 0.7282222222222222, 0.7247777777777779, 0.7239999999999999, 0.7216666666666667, 0.7189999999999999, 0.7155555555555556, 0.7108888888888889, 0.7103333333333333, 0.7086666666666667, 0.7063333333333333, 0.700888888888889, 0.697888888888889, 0.6643333333333334], 
 "teamBAs": [0.26166666666666666, 0.26133333333333336, 0.26077777777777783, 0.2596666666666667, 0.2594444444444444, 0.25900000000000006, 0.258, 0.25677777777777777, 0.2565555555555556, 0.2556666666666667, 0.25566666666666665, 0.2525555555555556, 0.25177777777777777, 0.25133333333333335, 0.2512222222222222, 0.25, 0.24822222222222223, 0.24755555555555558, 0.24744444444444447, 0.24688888888888888, 0.246, 0.24533333333333335, 0.24499999999999997, 0.24477777777777782, 0.2441111111111111, 0.24288888888888888, 0.2426666666666667, 0.2407777777777778, 0.24033333333333332, 0.22244444444444447], 
 "teamOBPs": [0.3393333333333334, 0.33711111111111114, 0.33166666666666667, 0.33111111111111113, 0.33077777777777784, 0.32922222222222225, 0.3287777777777778, 0.3282222222222222, 0.32688888888888884, 0.3262222222222222, 0.32611111111111113, 0.32566666666666666, 0.32333333333333336, 0.3231111111111111, 0.323, 0.32099999999999995, 0.3202222222222222, 0.319, 0.31866666666666665, 0.3178888888888889, 0.31722222222222224, 0.3156666666666667, 0.3146666666666667, 0.3136666666666667, 0.3131111111111111, 0.31155555555555553, 0.3087777777777777, 0.30777777777777776, 0.30244444444444446, 0.3021111111111111]
 }