{ 
 "teamOPSs": [0.78, 0.7776666666666666, 0.777, 0.7756666666666666, 0.7602222222222222, 0.7596666666666667, 0.7593333333333333, 0.7557777777777778, 0.7521111111111112, 0.7515555555555555, 0.7497777777777778, 0.7445555555555556, 0.7437777777777776, 0.7403333333333333, 0.7395555555555555, 0.7383333333333333, 0.7366666666666668, 0.7325555555555555, 0.7313333333333333, 0.7293333333333334, 0.7288888888888889, 0.7274444444444446, 0.7220000000000001, 0.7214444444444444, 0.7127777777777777, 0.7122222222222221, 0.7082222222222222, 0.7056666666666667, 0.7031111111111111, 0.6767777777777779], 
 "teamBAs": [0.2622222222222222, 0.2614444444444444, 0.2594444444444444, 0.25922222222222224, 0.2582222222222222, 0.25733333333333336, 0.25666666666666665, 0.25555555555555554, 0.25555555555555554, 0.25555555555555554, 0.25455555555555553, 0.2542222222222222, 0.25333333333333335, 0.2531111111111111, 0.2508888888888889, 0.25044444444444447, 0.2501111111111111, 0.24988888888888885, 0.24944444444444447, 0.24744444444444444, 0.24622222222222223, 0.24422222222222223, 0.24422222222222223, 0.24322222222222228, 0.24222222222222223, 0.24200000000000005, 0.24133333333333334, 0.23677777777777775, 0.23644444444444446, 0.23300000000000004], 
 "teamOBPs": [0.33811111111111114, 0.336, 0.33522222222222225, 0.33311111111111114, 0.32966666666666655, 0.329, 0.32833333333333337, 0.32788888888888895, 0.3278888888888889, 0.32566666666666666, 0.32511111111111113, 0.3251111111111111, 0.32433333333333336, 0.3232222222222222, 0.32300000000000006, 0.323, 0.3211111111111111, 0.32111111111111107, 0.32033333333333336, 0.3201111111111111, 0.31722222222222224, 0.31622222222222224, 0.31622222222222224, 0.31299999999999994, 0.3111111111111111, 0.311, 0.30966666666666665, 0.3062222222222222, 0.30544444444444446, 0.3016666666666667]
 }