{ 
 "teamOPSs": [0.8135555555555556, 0.7953333333333332, 0.7857777777777778, 0.7843333333333334, 0.7816666666666667, 0.7798888888888889, 0.7713333333333333, 0.7713333333333333, 0.770888888888889, 0.766888888888889, 0.7654444444444446, 0.7639999999999999, 0.761888888888889, 0.7566666666666667, 0.7506666666666666, 0.7503333333333333, 0.75, 0.7482222222222222, 0.7444444444444445, 0.7434444444444446, 0.7289999999999999, 0.7272222222222222, 0.7245555555555555, 0.722, 0.7176666666666667, 0.7158888888888888, 0.7150000000000001, 0.7087777777777777, 0.6961111111111111, 0.6943333333333332], 
 "teamBAs": [0.2684444444444445, 0.26355555555555554, 0.26266666666666666, 0.2621111111111112, 0.2607777777777777, 0.2604444444444444, 0.2601111111111111, 0.2592222222222222, 0.2581111111111112, 0.25766666666666665, 0.2555555555555556, 0.25455555555555553, 0.25422222222222224, 0.25422222222222224, 0.25422222222222224, 0.2541111111111111, 0.25344444444444447, 0.2528888888888889, 0.25222222222222224, 0.25100000000000006, 0.25044444444444447, 0.24944444444444447, 0.24788888888888888, 0.24766666666666667, 0.24722222222222223, 0.2458888888888889, 0.24444444444444446, 0.2401111111111111, 0.23911111111111114, 0.23311111111111116], 
 "teamOBPs": [0.3476666666666666, 0.3401111111111111, 0.33655555555555555, 0.3363333333333334, 0.33344444444444443, 0.33233333333333337, 0.3321111111111111, 0.33144444444444443, 0.33099999999999996, 0.3308888888888889, 0.3307777777777778, 0.32911111111111113, 0.3288888888888889, 0.3272222222222222, 0.327, 0.32688888888888884, 0.325, 0.3247777777777778, 0.323, 0.3227777777777778, 0.3223333333333333, 0.32133333333333336, 0.31888888888888883, 0.3177777777777778, 0.31633333333333336, 0.3155555555555556, 0.31333333333333335, 0.31233333333333335, 0.3092222222222222, 0.30644444444444446]
 }