{ 
 "teamOPSs": [0.802111111111111, 0.7855555555555556, 0.7823333333333333, 0.7802222222222224, 0.7724444444444445, 0.7675555555555555, 0.7654444444444445, 0.7634444444444445, 0.7595555555555555, 0.7592222222222222, 0.7533333333333333, 0.752, 0.7472222222222221, 0.7454444444444444, 0.7450000000000001, 0.7444444444444445, 0.7441111111111112, 0.7425555555555555, 0.7413333333333333, 0.7403333333333333, 0.7274444444444446, 0.7255555555555556, 0.725, 0.7206666666666668, 0.7196666666666666, 0.7142222222222222, 0.7123333333333334, 0.7102222222222222, 0.6943333333333332, 0.6702222222222223], 
 "teamBAs": [0.265, 0.2633333333333334, 0.26111111111111107, 0.26077777777777783, 0.2587777777777778, 0.25700000000000006, 0.25633333333333336, 0.25588888888888894, 0.25577777777777777, 0.2554444444444445, 0.2554444444444444, 0.2548888888888889, 0.25400000000000006, 0.2525555555555556, 0.25233333333333335, 0.2523333333333333, 0.25222222222222224, 0.2514444444444444, 0.251, 0.2508888888888889, 0.25044444444444447, 0.24822222222222223, 0.24800000000000003, 0.24688888888888888, 0.24655555555555558, 0.2441111111111111, 0.2408888888888889, 0.24066666666666667, 0.23711111111111116, 0.22711111111111112], 
 "teamOBPs": [0.3379999999999999, 0.3368888888888889, 0.3367777777777778, 0.33566666666666667, 0.3333333333333333, 0.33244444444444443, 0.3316666666666667, 0.33111111111111113, 0.3281111111111111, 0.3276666666666667, 0.32733333333333337, 0.3272222222222222, 0.3262222222222222, 0.32499999999999996, 0.3226666666666667, 0.32199999999999995, 0.32099999999999995, 0.3207777777777778, 0.31988888888888883, 0.3197777777777777, 0.31933333333333336, 0.3193333333333333, 0.3156666666666667, 0.3151111111111111, 0.314, 0.3106666666666667, 0.3101111111111111, 0.3064444444444445, 0.3028888888888889, 0.29644444444444445]
 }