{ 
 "teamOPSs": [0.812, 0.8037777777777777, 0.7907777777777776, 0.7765555555555557, 0.7742222222222223, 0.7712222222222223, 0.7710000000000001, 0.767888888888889, 0.7674444444444446, 0.7666666666666666, 0.7600000000000001, 0.7566666666666667, 0.7542222222222222, 0.7494444444444445, 0.7471111111111112, 0.7471111111111112, 0.7464444444444445, 0.7461111111111112, 0.7436666666666666, 0.740111111111111, 0.7374444444444443, 0.733111111111111, 0.7324444444444445, 0.7306666666666666, 0.7271111111111112, 0.7217777777777779, 0.7216666666666667, 0.7034444444444445, 0.6880000000000001, 0.6846666666666666], 
 "teamBAs": [0.2682222222222222, 0.26577777777777783, 0.2657777777777778, 0.2634444444444444, 0.26222222222222225, 0.2601111111111111, 0.2587777777777778, 0.2582222222222222, 0.2578888888888889, 0.257, 0.2567777777777778, 0.2564444444444444, 0.25333333333333335, 0.25333333333333335, 0.25222222222222224, 0.2521111111111111, 0.25177777777777777, 0.2515555555555556, 0.25122222222222224, 0.2498888888888889, 0.2495555555555556, 0.24933333333333335, 0.24833333333333332, 0.24822222222222223, 0.2451111111111111, 0.245, 0.2418888888888889, 0.241, 0.2368888888888889, 0.23011111111111113], 
 "teamOBPs": [0.355, 0.3416666666666666, 0.33788888888888885, 0.3371111111111111, 0.3334444444444445, 0.3331111111111111, 0.33222222222222225, 0.33166666666666667, 0.3302222222222222, 0.32933333333333326, 0.32922222222222225, 0.3287777777777777, 0.32866666666666666, 0.3265555555555555, 0.3247777777777777, 0.3245555555555556, 0.32422222222222213, 0.3234444444444444, 0.32288888888888895, 0.32255555555555554, 0.32033333333333336, 0.31933333333333336, 0.3174444444444444, 0.31633333333333336, 0.3156666666666667, 0.3147777777777778, 0.3141111111111112, 0.3058888888888889, 0.30522222222222223, 0.30244444444444446]
 }