{ 
 "teamOPSs": [0.8014444444444444, 0.7883333333333333, 0.7784444444444444, 0.7762222222222221, 0.7728888888888891, 0.7707777777777779, 0.7653333333333334, 0.764888888888889, 0.762, 0.7576666666666666, 0.7557777777777778, 0.7553333333333333, 0.7553333333333332, 0.7540000000000001, 0.7482222222222221, 0.748111111111111, 0.7471111111111112, 0.7437777777777778, 0.7382222222222222, 0.7381111111111109, 0.7372222222222222, 0.7343333333333334, 0.7321111111111112, 0.726, 0.7233333333333334, 0.7203333333333334, 0.7096666666666667, 0.7066666666666667, 0.7045555555555557, 0.6827777777777778], 
 "teamBAs": [0.26844444444444443, 0.26422222222222225, 0.2627777777777778, 0.2604444444444444, 0.2581111111111111, 0.258, 0.25633333333333336, 0.256, 0.2557777777777778, 0.2557777777777777, 0.25555555555555554, 0.2546666666666667, 0.253, 0.25266666666666665, 0.2525555555555556, 0.2523333333333333, 0.25077777777777777, 0.2505555555555556, 0.25022222222222223, 0.249, 0.2484444444444444, 0.24788888888888894, 0.24666666666666665, 0.24633333333333335, 0.24544444444444447, 0.2426666666666667, 0.24122222222222225, 0.23988888888888893, 0.23911111111111114, 0.2283333333333333], 
 "teamOBPs": [0.33677777777777784, 0.33411111111111114, 0.3322222222222222, 0.3321111111111111, 0.33111111111111113, 0.33011111111111113, 0.3297777777777777, 0.329, 0.32899999999999996, 0.32899999999999996, 0.32855555555555555, 0.328, 0.3268888888888889, 0.3261111111111111, 0.3258888888888889, 0.324, 0.3238888888888889, 0.323, 0.32288888888888884, 0.3221111111111111, 0.3218888888888889, 0.321, 0.3207777777777778, 0.3198888888888889, 0.3158888888888889, 0.3136666666666667, 0.31333333333333335, 0.3132222222222223, 0.30522222222222223, 0.30400000000000005]
 }