{ 
 "teamOPSs": [0.7804444444444444, 0.7772222222222223, 0.7762222222222223, 0.7621111111111111, 0.7604444444444445, 0.7594444444444445, 0.7512222222222221, 0.7505555555555554, 0.7504444444444444, 0.7491111111111111, 0.7443333333333333, 0.7434444444444444, 0.7384444444444445, 0.7360000000000001, 0.7343333333333333, 0.7336666666666667, 0.7325555555555555, 0.7297777777777777, 0.7272222222222222, 0.7245555555555555, 0.7239999999999999, 0.721888888888889, 0.7200000000000001, 0.7144444444444444, 0.7045555555555556, 0.6993333333333334, 0.6984444444444444, 0.6975555555555555, 0.6972222222222223, 0.6759999999999999], 
 "teamBAs": [0.2644444444444444, 0.26355555555555554, 0.25955555555555554, 0.2587777777777778, 0.2581111111111111, 0.25733333333333336, 0.2561111111111111, 0.25477777777777777, 0.25377777777777777, 0.25366666666666665, 0.2534444444444444, 0.253, 0.2527777777777778, 0.25222222222222224, 0.25166666666666665, 0.25144444444444447, 0.24844444444444452, 0.24744444444444447, 0.24600000000000005, 0.24544444444444447, 0.24533333333333335, 0.24477777777777782, 0.24433333333333332, 0.24311111111111108, 0.2427777777777778, 0.24266666666666664, 0.23944444444444443, 0.23800000000000004, 0.23633333333333337, 0.23188888888888892], 
 "teamOBPs": [0.3368888888888889, 0.33411111111111114, 0.33311111111111114, 0.3323333333333333, 0.33066666666666666, 0.32911111111111113, 0.3288888888888889, 0.32833333333333337, 0.32711111111111113, 0.32655555555555554, 0.3257777777777778, 0.32355555555555554, 0.32322222222222224, 0.3221111111111111, 0.3204444444444445, 0.3203333333333333, 0.3196666666666667, 0.31933333333333336, 0.31922222222222224, 0.3186666666666667, 0.3183333333333333, 0.317, 0.314, 0.3135555555555556, 0.3133333333333333, 0.3108888888888889, 0.30877777777777776, 0.30577777777777776, 0.3055555555555556, 0.29744444444444446]
 }