{ 
 "teamOPSs": [0.8066666666666665, 0.7922222222222222, 0.7814444444444445, 0.7776666666666666, 0.7745555555555556, 0.7725555555555557, 0.771, 0.7705555555555555, 0.7693333333333334, 0.7687777777777777, 0.7656666666666666, 0.7651111111111111, 0.758, 0.7552222222222222, 0.7504444444444445, 0.7462222222222222, 0.7401111111111112, 0.7372222222222222, 0.7372222222222222, 0.7365555555555555, 0.7335555555555557, 0.7303333333333333, 0.7293333333333334, 0.7250000000000001, 0.7146666666666666, 0.7146666666666666, 0.712, 0.7055555555555555, 0.7049999999999998, 0.6811111111111111], 
 "teamBAs": [0.26733333333333337, 0.26566666666666666, 0.26266666666666666, 0.2623333333333334, 0.26222222222222225, 0.259, 0.2587777777777778, 0.2586666666666667, 0.2581111111111112, 0.2564444444444444, 0.2558888888888889, 0.25477777777777777, 0.2541111111111111, 0.254, 0.254, 0.253, 0.2527777777777778, 0.25244444444444447, 0.25244444444444447, 0.25177777777777777, 0.25133333333333335, 0.25033333333333335, 0.24622222222222223, 0.2457777777777778, 0.24422222222222223, 0.24311111111111108, 0.24288888888888888, 0.24233333333333335, 0.2407777777777778, 0.22844444444444445], 
 "teamOBPs": [0.345, 0.34133333333333327, 0.3382222222222222, 0.3368888888888889, 0.3358888888888889, 0.33255555555555555, 0.33066666666666666, 0.32988888888888884, 0.32944444444444443, 0.32833333333333337, 0.32833333333333337, 0.32799999999999996, 0.3278888888888889, 0.32544444444444454, 0.32522222222222225, 0.3248888888888889, 0.32433333333333336, 0.32311111111111107, 0.3213333333333333, 0.3212222222222223, 0.32099999999999995, 0.31988888888888894, 0.31877777777777777, 0.3173333333333333, 0.31633333333333336, 0.31566666666666665, 0.31377777777777777, 0.31099999999999994, 0.3105555555555556, 0.30099999999999993]
 }