{ 
 "teamOPSs": [0.8014444444444445, 0.7938888888888891, 0.7853333333333334, 0.7838888888888889, 0.7812222222222222, 0.7745555555555556, 0.766888888888889, 0.7666666666666667, 0.7638888888888888, 0.7623333333333334, 0.7574444444444445, 0.7542222222222222, 0.7523333333333333, 0.7502222222222223, 0.749, 0.7468888888888889, 0.7436666666666667, 0.7418888888888889, 0.7410000000000001, 0.7368888888888888, 0.7293333333333334, 0.7284444444444444, 0.7280000000000001, 0.7267777777777779, 0.725111111111111, 0.724, 0.716, 0.7102222222222222, 0.695888888888889, 0.6765555555555556], 
 "teamBAs": [0.26499999999999996, 0.26377777777777783, 0.26288888888888895, 0.2626666666666667, 0.2608888888888889, 0.2598888888888889, 0.25933333333333336, 0.2577777777777778, 0.25755555555555554, 0.2573333333333333, 0.255, 0.2548888888888889, 0.25477777777777777, 0.2544444444444445, 0.25277777777777777, 0.2521111111111111, 0.25122222222222224, 0.25055555555555553, 0.25044444444444447, 0.2494444444444445, 0.24855555555555556, 0.24811111111111112, 0.24733333333333332, 0.2471111111111111, 0.2456666666666666, 0.24555555555555555, 0.24344444444444446, 0.23966666666666667, 0.23833333333333334, 0.2295555555555556], 
 "teamOBPs": [0.34177777777777785, 0.33677777777777773, 0.33577777777777773, 0.3347777777777778, 0.3337777777777778, 0.33144444444444443, 0.33122222222222225, 0.32966666666666666, 0.32966666666666666, 0.3291111111111111, 0.32899999999999996, 0.32866666666666666, 0.32800000000000007, 0.32788888888888884, 0.3268888888888889, 0.3266666666666667, 0.32577777777777783, 0.3256666666666666, 0.32388888888888884, 0.32222222222222224, 0.3202222222222222, 0.3194444444444444, 0.31855555555555554, 0.318, 0.31500000000000006, 0.313, 0.31266666666666665, 0.3071111111111111, 0.30400000000000005, 0.303]
 }