{ 
 "teamOPSs": [0.7831111111111111, 0.7717777777777778, 0.7648888888888888, 0.7512222222222221, 0.751, 0.7502222222222222, 0.7501111111111112, 0.7464444444444445, 0.7422222222222222, 0.7369999999999999, 0.7367777777777778, 0.7365555555555556, 0.7337777777777776, 0.7321111111111112, 0.7306666666666666, 0.729, 0.7282222222222222, 0.7267777777777777, 0.7262222222222221, 0.7246666666666667, 0.7239999999999999, 0.7216666666666668, 0.7160000000000001, 0.7153333333333334, 0.7107777777777777, 0.7096666666666667, 0.7095555555555557, 0.6983333333333334, 0.6955555555555555, 0.6714444444444445], 
 "teamBAs": [0.2624444444444444, 0.2581111111111111, 0.2581111111111111, 0.25777777777777783, 0.256, 0.25522222222222224, 0.255, 0.25455555555555553, 0.2544444444444445, 0.2541111111111111, 0.25288888888888894, 0.2518888888888889, 0.25177777777777777, 0.25177777777777777, 0.2516666666666667, 0.25144444444444447, 0.24944444444444447, 0.24822222222222223, 0.24744444444444447, 0.2455555555555556, 0.24533333333333335, 0.2441111111111111, 0.24311111111111114, 0.24255555555555552, 0.24244444444444443, 0.24211111111111108, 0.2411111111111111, 0.23877777777777778, 0.23822222222222222, 0.23666666666666666], 
 "teamOBPs": [0.3368888888888889, 0.33, 0.32877777777777784, 0.32833333333333337, 0.3268888888888889, 0.3266666666666667, 0.3258888888888889, 0.32566666666666666, 0.32433333333333336, 0.32411111111111107, 0.3238888888888889, 0.3236666666666667, 0.3234444444444444, 0.323, 0.32177777777777783, 0.3211111111111111, 0.3208888888888889, 0.32, 0.31877777777777777, 0.3186666666666667, 0.3178888888888889, 0.3178888888888889, 0.31466666666666665, 0.31444444444444447, 0.31366666666666665, 0.3135555555555556, 0.308, 0.3061111111111111, 0.30599999999999994, 0.29811111111111116]
 }