{ 
 "teamOPSs": [0.7802222222222223, 0.766888888888889, 0.7628888888888888, 0.762, 0.7512222222222221, 0.7504444444444445, 0.7502222222222222, 0.7473333333333334, 0.7466666666666666, 0.7448888888888888, 0.7435555555555555, 0.7405555555555554, 0.7403333333333333, 0.7396666666666667, 0.7384444444444445, 0.7365555555555556, 0.7343333333333333, 0.734, 0.7297777777777777, 0.7272222222222222, 0.7249999999999999, 0.7212222222222222, 0.7168888888888889, 0.7111111111111111, 0.705, 0.7017777777777776, 0.6963333333333335, 0.6947777777777779, 0.6858888888888889, 0.6781111111111111], 
 "teamBAs": [0.2596666666666667, 0.25933333333333336, 0.2588888888888889, 0.25777777777777783, 0.2574444444444444, 0.25655555555555554, 0.2556666666666667, 0.2544444444444445, 0.2541111111111111, 0.2537777777777778, 0.25266666666666665, 0.2521111111111112, 0.25188888888888894, 0.2516666666666667, 0.2516666666666667, 0.25144444444444447, 0.2508888888888889, 0.249, 0.24855555555555556, 0.24688888888888888, 0.24611111111111109, 0.245, 0.24477777777777782, 0.2444444444444444, 0.24433333333333332, 0.241, 0.238, 0.23744444444444446, 0.23600000000000002, 0.23355555555555554], 
 "teamOBPs": [0.33688888888888896, 0.3368888888888889, 0.33522222222222225, 0.33111111111111113, 0.32733333333333337, 0.3268888888888889, 0.3254444444444444, 0.32488888888888895, 0.3244444444444444, 0.3237777777777778, 0.3235555555555556, 0.3231111111111111, 0.3228888888888889, 0.3225555555555556, 0.322, 0.321, 0.31933333333333336, 0.3182222222222222, 0.3178888888888889, 0.3158888888888889, 0.3151111111111111, 0.31488888888888894, 0.31433333333333335, 0.3142222222222222, 0.3133333333333333, 0.3125555555555556, 0.30544444444444446, 0.30499999999999994, 0.3044444444444444, 0.30044444444444446]
 }