{ 
 "teamOPSs": [0.7835555555555556, 0.778888888888889, 0.7744444444444445, 0.7742222222222223, 0.7674444444444444, 0.759111111111111, 0.7561111111111112, 0.7548888888888889, 0.7485555555555555, 0.7467777777777777, 0.7448888888888888, 0.7426666666666667, 0.7423333333333333, 0.732, 0.7285555555555556, 0.7267777777777777, 0.7261111111111113, 0.7254444444444443, 0.7234444444444446, 0.7193333333333333, 0.7153333333333334, 0.7144444444444445, 0.7131111111111111, 0.7127777777777777, 0.7063333333333333, 0.700888888888889, 0.6976666666666667, 0.6947777777777778, 0.6843333333333333, 0.6805555555555557], 
 "teamBAs": [0.2633333333333334, 0.261, 0.2596666666666667, 0.2584444444444445, 0.258, 0.257, 0.25655555555555554, 0.2558888888888889, 0.25566666666666665, 0.2551111111111112, 0.25355555555555553, 0.2525555555555556, 0.25044444444444447, 0.2498888888888889, 0.24955555555555556, 0.24877777777777782, 0.2486666666666667, 0.24822222222222223, 0.2463333333333333, 0.24611111111111114, 0.246, 0.2448888888888889, 0.24233333333333335, 0.24166666666666664, 0.24144444444444446, 0.2413333333333333, 0.24033333333333332, 0.2386666666666667, 0.23300000000000004, 0.22966666666666669], 
 "teamOBPs": [0.34288888888888885, 0.33711111111111114, 0.33555555555555555, 0.33077777777777784, 0.3286666666666667, 0.32866666666666666, 0.3283333333333333, 0.3277777777777777, 0.32688888888888884, 0.32511111111111113, 0.3237777777777777, 0.32288888888888884, 0.3224444444444445, 0.3224444444444445, 0.32133333333333325, 0.31866666666666665, 0.3182222222222222, 0.3181111111111111, 0.3173333333333333, 0.31422222222222224, 0.31344444444444447, 0.31322222222222224, 0.3117777777777777, 0.31122222222222223, 0.3096666666666667, 0.3087777777777777, 0.30744444444444446, 0.30566666666666664, 0.30244444444444446, 0.29833333333333334]
 }