{ 
 "teamOPSs": [0.8044444444444445, 0.7962222222222222, 0.7834444444444445, 0.7775555555555554, 0.7762222222222221, 0.7730000000000001, 0.7608888888888888, 0.7608888888888888, 0.7575555555555555, 0.756, 0.7547777777777777, 0.7521111111111112, 0.7521111111111112, 0.7406666666666668, 0.7400000000000001, 0.738, 0.7327777777777779, 0.7326666666666667, 0.7312222222222222, 0.7236666666666668, 0.7235555555555556, 0.7218888888888888, 0.7198888888888888, 0.7178888888888888, 0.7133333333333333, 0.7092222222222222, 0.7082222222222221, 0.7080000000000001, 0.7058888888888889, 0.6801111111111111], 
 "teamBAs": [0.26411111111111113, 0.2636666666666667, 0.262, 0.2613333333333333, 0.25988888888888895, 0.25733333333333336, 0.25677777777777777, 0.2564444444444444, 0.25555555555555554, 0.25400000000000006, 0.254, 0.25399999999999995, 0.2531111111111111, 0.25244444444444447, 0.2521111111111111, 0.2514444444444444, 0.25077777777777777, 0.2506666666666667, 0.2506666666666667, 0.2498888888888889, 0.249, 0.2488888888888889, 0.24688888888888888, 0.2452222222222222, 0.24455555555555555, 0.24399999999999997, 0.24344444444444444, 0.24144444444444446, 0.23888888888888887, 0.23188888888888892], 
 "teamOBPs": [0.34544444444444444, 0.33799999999999997, 0.3347777777777778, 0.33366666666666667, 0.3328888888888889, 0.3303333333333333, 0.32899999999999996, 0.3284444444444445, 0.3267777777777778, 0.3254444444444445, 0.325, 0.32499999999999996, 0.32488888888888895, 0.32466666666666666, 0.32455555555555554, 0.3238888888888889, 0.32133333333333336, 0.3211111111111111, 0.321, 0.3205555555555556, 0.32022222222222224, 0.3187777777777778, 0.3181111111111111, 0.3152222222222222, 0.3148888888888889, 0.3121111111111111, 0.30966666666666665, 0.30777777777777776, 0.3076666666666667, 0.30522222222222223]
 }