{ 
 "teamOPSs": [0.8001111111111111, 0.790111111111111, 0.7793333333333333, 0.7691111111111112, 0.7689999999999999, 0.7672222222222222, 0.759888888888889, 0.7594444444444445, 0.7591111111111111, 0.7589999999999999, 0.7558888888888888, 0.7556666666666666, 0.7546666666666667, 0.7514444444444445, 0.7465555555555555, 0.7458888888888889, 0.7454444444444444, 0.742111111111111, 0.7404444444444446, 0.738, 0.737, 0.7335555555555556, 0.7302222222222222, 0.73, 0.7194444444444444, 0.7194444444444444, 0.7166666666666666, 0.7076666666666668, 0.6971111111111112, 0.6758888888888889], 
 "teamBAs": [0.26499999999999996, 0.2646666666666666, 0.2634444444444445, 0.2618888888888889, 0.2617777777777778, 0.26077777777777783, 0.2564444444444445, 0.25622222222222224, 0.25533333333333336, 0.2551111111111111, 0.25477777777777777, 0.25455555555555553, 0.2544444444444445, 0.2542222222222222, 0.2533333333333334, 0.25322222222222224, 0.2521111111111111, 0.25177777777777777, 0.2515555555555556, 0.25077777777777777, 0.24933333333333335, 0.24855555555555556, 0.24722222222222218, 0.24677777777777773, 0.24288888888888888, 0.2424444444444445, 0.24122222222222225, 0.24044444444444446, 0.23811111111111113, 0.23033333333333333], 
 "teamOBPs": [0.34055555555555556, 0.34044444444444444, 0.33488888888888885, 0.33366666666666667, 0.33333333333333337, 0.33322222222222225, 0.33066666666666666, 0.33011111111111113, 0.33, 0.3293333333333333, 0.329, 0.3264444444444444, 0.3262222222222222, 0.325, 0.324, 0.3223333333333333, 0.32177777777777783, 0.3217777777777778, 0.32166666666666666, 0.3215555555555556, 0.32111111111111107, 0.3203333333333333, 0.3153333333333333, 0.31366666666666665, 0.31322222222222224, 0.31222222222222223, 0.3121111111111111, 0.30833333333333335, 0.30722222222222223, 0.3002222222222223]
 }