{ 
 "teamOPSs": [0.8033333333333333, 0.7995555555555556, 0.7891111111111111, 0.7752222222222224, 0.7716666666666667, 0.764, 0.7627777777777778, 0.7613333333333332, 0.759888888888889, 0.7598888888888888, 0.7589999999999999, 0.7578888888888888, 0.7557777777777778, 0.7482222222222223, 0.7478888888888888, 0.746111111111111, 0.7455555555555555, 0.7404444444444445, 0.7388888888888889, 0.7382222222222222, 0.7382222222222222, 0.729888888888889, 0.7226666666666667, 0.7206666666666667, 0.7124444444444444, 0.7109999999999999, 0.705888888888889, 0.7046666666666668, 0.7027777777777778, 0.6854444444444444], 
 "teamBAs": [0.26488888888888895, 0.2624444444444445, 0.2617777777777778, 0.2611111111111111, 0.26, 0.25833333333333336, 0.257, 0.25677777777777777, 0.2566666666666667, 0.25577777777777777, 0.2538888888888889, 0.25200000000000006, 0.2518888888888889, 0.25077777777777777, 0.25055555555555553, 0.2502222222222222, 0.2502222222222222, 0.2495555555555555, 0.24911111111111112, 0.2484444444444444, 0.24833333333333332, 0.24822222222222218, 0.24800000000000003, 0.24744444444444444, 0.24444444444444446, 0.242, 0.24144444444444446, 0.24055555555555555, 0.238, 0.2288888888888889], 
 "teamOBPs": [0.3443333333333333, 0.34055555555555556, 0.33666666666666667, 0.3313333333333333, 0.3313333333333333, 0.3298888888888889, 0.3288888888888889, 0.3277777777777778, 0.3276666666666667, 0.3274444444444444, 0.32733333333333337, 0.327, 0.3253333333333333, 0.32511111111111113, 0.3244444444444445, 0.32322222222222224, 0.3224444444444445, 0.32077777777777783, 0.3201111111111111, 0.3198888888888889, 0.31933333333333336, 0.31900000000000006, 0.3188888888888889, 0.3185555555555555, 0.317, 0.3146666666666667, 0.31366666666666665, 0.3098888888888889, 0.3046666666666667, 0.30277777777777776]
 }