{ 
 "teamOPSs": [0.7804444444444445, 0.7772222222222221, 0.7718888888888888, 0.7625555555555555, 0.7625555555555555, 0.7596666666666666, 0.7547777777777778, 0.7534444444444444, 0.7515555555555555, 0.7483333333333333, 0.7365555555555556, 0.7344444444444445, 0.7343333333333333, 0.7294444444444445, 0.7291111111111112, 0.7291111111111112, 0.7286666666666666, 0.7273333333333333, 0.7271111111111109, 0.7245555555555555, 0.7239999999999999, 0.7212222222222223, 0.7173333333333334, 0.7167777777777778, 0.7106666666666667, 0.7063333333333334, 0.7018888888888889, 0.701, 0.6984444444444445, 0.6869999999999999], 
 "teamBAs": [0.2647777777777778, 0.26077777777777783, 0.2587777777777778, 0.2586666666666666, 0.25833333333333336, 0.25722222222222224, 0.25655555555555554, 0.25500000000000006, 0.2548888888888889, 0.25477777777777777, 0.2544444444444445, 0.25355555555555553, 0.2531111111111112, 0.2526666666666667, 0.2524444444444444, 0.2516666666666667, 0.2508888888888889, 0.2493333333333333, 0.24822222222222223, 0.24822222222222223, 0.24744444444444444, 0.24722222222222223, 0.24477777777777782, 0.24455555555555555, 0.24177777777777779, 0.2415555555555556, 0.2404444444444444, 0.24000000000000002, 0.23844444444444443, 0.23333333333333334], 
 "teamOBPs": [0.3397777777777778, 0.33655555555555555, 0.3348888888888889, 0.32888888888888895, 0.32833333333333337, 0.32833333333333337, 0.3282222222222222, 0.32766666666666666, 0.3262222222222222, 0.3258888888888889, 0.32577777777777783, 0.32433333333333336, 0.324, 0.3227777777777777, 0.3223333333333334, 0.322, 0.3218888888888889, 0.3205555555555556, 0.31977777777777777, 0.31866666666666665, 0.3178888888888889, 0.3174444444444444, 0.3151111111111111, 0.3143333333333333, 0.31255555555555553, 0.3118888888888889, 0.31044444444444447, 0.30877777777777776, 0.3057777777777778, 0.30533333333333335]
 }