{ 
 "teamOPSs": [0.7784444444444445, 0.7778888888888889, 0.7763333333333333, 0.7732222222222223, 0.7594444444444446, 0.758888888888889, 0.7536666666666666, 0.7515555555555556, 0.7476666666666666, 0.7474444444444445, 0.7445555555555555, 0.7433333333333333, 0.7432222222222221, 0.742111111111111, 0.7398888888888889, 0.7381111111111112, 0.7363333333333334, 0.7337777777777778, 0.7326666666666666, 0.7286666666666668, 0.7262222222222222, 0.7255555555555556, 0.7225555555555556, 0.7217777777777777, 0.7207777777777777, 0.7153333333333332, 0.7108888888888889, 0.7054444444444443, 0.7031111111111111, 0.6788888888888889], 
 "teamBAs": [0.2612222222222222, 0.261, 0.2604444444444444, 0.26011111111111107, 0.2596666666666667, 0.258, 0.2567777777777778, 0.25633333333333336, 0.25555555555555554, 0.2554444444444445, 0.2546666666666667, 0.2545555555555556, 0.25377777777777777, 0.25266666666666665, 0.2511111111111111, 0.25066666666666665, 0.2501111111111112, 0.24944444444444447, 0.24844444444444447, 0.2448888888888889, 0.24455555555555555, 0.24422222222222223, 0.24422222222222223, 0.24344444444444446, 0.24222222222222223, 0.24211111111111108, 0.23977777777777776, 0.23722222222222225, 0.23633333333333337, 0.23433333333333334], 
 "teamOBPs": [0.33644444444444443, 0.33466666666666667, 0.33444444444444443, 0.33266666666666667, 0.32955555555555555, 0.3293333333333333, 0.32822222222222225, 0.3281111111111111, 0.3266666666666667, 0.3264444444444444, 0.3258888888888889, 0.32499999999999996, 0.32499999999999996, 0.3243333333333333, 0.3232222222222222, 0.3211111111111112, 0.3208888888888889, 0.32, 0.31966666666666665, 0.31711111111111107, 0.31622222222222224, 0.31611111111111106, 0.316, 0.31311111111111106, 0.31177777777777776, 0.31055555555555553, 0.3098888888888889, 0.3065555555555555, 0.3051111111111111, 0.3027777777777778]
 }