{ 
 "teamOPSs": [0.7992222222222223, 0.7955555555555556, 0.7785555555555556, 0.7752222222222221, 0.7731111111111111, 0.7685555555555555, 0.7685555555555555, 0.7675555555555555, 0.7668888888888888, 0.7607777777777778, 0.7567777777777778, 0.7556666666666667, 0.7535555555555555, 0.7502222222222222, 0.7424444444444444, 0.7418888888888888, 0.7387777777777779, 0.7368888888888889, 0.736, 0.734777777777778, 0.7338888888888889, 0.7273333333333334, 0.7248888888888889, 0.7242222222222221, 0.7225555555555556, 0.7123333333333333, 0.7070000000000001, 0.7070000000000001, 0.6924444444444444, 0.6884444444444444], 
 "teamBAs": [0.26566666666666666, 0.26466666666666666, 0.26155555555555554, 0.2592222222222222, 0.2578888888888889, 0.25722222222222224, 0.25700000000000006, 0.257, 0.25688888888888894, 0.25666666666666665, 0.2561111111111112, 0.2554444444444444, 0.25433333333333336, 0.2536666666666667, 0.25333333333333335, 0.25277777777777777, 0.25177777777777777, 0.2515555555555556, 0.25044444444444447, 0.25022222222222223, 0.24922222222222226, 0.2484444444444444, 0.2467777777777778, 0.24666666666666665, 0.24644444444444444, 0.24644444444444444, 0.24144444444444446, 0.2412222222222222, 0.23888888888888893, 0.22933333333333333], 
 "teamOBPs": [0.33866666666666667, 0.33577777777777773, 0.33511111111111114, 0.33455555555555555, 0.33322222222222225, 0.33266666666666667, 0.3306666666666667, 0.32899999999999996, 0.3286666666666666, 0.3281111111111111, 0.32711111111111113, 0.32711111111111113, 0.32688888888888884, 0.3266666666666666, 0.32566666666666655, 0.3254444444444445, 0.32411111111111107, 0.32333333333333336, 0.3213333333333333, 0.32099999999999995, 0.32011111111111107, 0.31933333333333336, 0.31866666666666665, 0.31566666666666665, 0.31255555555555553, 0.3107777777777778, 0.3098888888888889, 0.30644444444444446, 0.306, 0.3002222222222222]
 }