{ 
 "teamOPSs": [0.7957777777777778, 0.7848888888888889, 0.7753333333333332, 0.773, 0.7718888888888888, 0.7713333333333333, 0.7661111111111112, 0.7643333333333335, 0.7622222222222221, 0.7614444444444444, 0.7604444444444445, 0.7556666666666667, 0.7532222222222221, 0.7505555555555555, 0.7438888888888889, 0.7425555555555555, 0.741888888888889, 0.7397777777777778, 0.738, 0.7373333333333333, 0.7282222222222222, 0.7268888888888889, 0.7238888888888889, 0.7238888888888888, 0.7204444444444443, 0.7013333333333334, 0.7001111111111111, 0.6981111111111111, 0.6924444444444444, 0.680111111111111], 
 "teamBAs": [0.26477777777777783, 0.26466666666666666, 0.26411111111111113, 0.26344444444444437, 0.26022222222222224, 0.25933333333333336, 0.2564444444444445, 0.25633333333333336, 0.25533333333333336, 0.2551111111111111, 0.253, 0.25177777777777777, 0.25133333333333335, 0.2508888888888889, 0.25077777777777777, 0.2505555555555556, 0.2501111111111112, 0.24944444444444447, 0.2492222222222222, 0.24888888888888885, 0.24722222222222223, 0.2458888888888889, 0.2457777777777778, 0.24422222222222223, 0.24366666666666667, 0.24300000000000002, 0.24233333333333335, 0.242, 0.23588888888888887, 0.2326666666666667], 
 "teamOBPs": [0.34288888888888885, 0.33755555555555555, 0.33699999999999997, 0.33466666666666667, 0.33155555555555555, 0.33088888888888884, 0.3298888888888889, 0.32866666666666666, 0.32866666666666666, 0.3285555555555556, 0.327, 0.32666666666666666, 0.32577777777777783, 0.3247777777777778, 0.32455555555555554, 0.32322222222222224, 0.323, 0.32033333333333336, 0.3194444444444444, 0.31933333333333336, 0.3181111111111112, 0.3174444444444445, 0.3165555555555556, 0.3157777777777778, 0.3153333333333334, 0.31366666666666665, 0.31277777777777777, 0.3065555555555556, 0.30644444444444446, 0.3031111111111111]
 }