{ 
 "teamOPSs": [0.7762222222222223, 0.7682222222222223, 0.767888888888889, 0.7662222222222221, 0.7622222222222222, 0.7573333333333334, 0.7553333333333333, 0.7482222222222221, 0.7476666666666667, 0.742, 0.7381111111111109, 0.7372222222222223, 0.7334444444444445, 0.7314444444444443, 0.7313333333333333, 0.7298888888888889, 0.7272222222222222, 0.7236666666666667, 0.7193333333333334, 0.7165555555555555, 0.7162222222222222, 0.7148888888888888, 0.7128888888888889, 0.7088888888888889, 0.705111111111111, 0.705, 0.7042222222222221, 0.6955555555555556, 0.6895555555555555, 0.6675555555555557], 
 "teamBAs": [0.2647777777777778, 0.2644444444444444, 0.2596666666666667, 0.2587777777777778, 0.2586666666666667, 0.257, 0.25677777777777777, 0.25622222222222224, 0.25577777777777777, 0.2555555555555556, 0.25466666666666665, 0.254, 0.25288888888888894, 0.2516666666666667, 0.251, 0.25033333333333335, 0.25022222222222223, 0.24833333333333338, 0.24822222222222223, 0.24755555555555553, 0.24555555555555555, 0.2453333333333333, 0.24344444444444444, 0.24311111111111114, 0.24022222222222223, 0.23955555555555558, 0.23922222222222222, 0.23888888888888887, 0.23833333333333334, 0.22844444444444445], 
 "teamOBPs": [0.3362222222222222, 0.33511111111111114, 0.3348888888888889, 0.33133333333333337, 0.3282222222222223, 0.3273333333333333, 0.32711111111111113, 0.32577777777777783, 0.32511111111111113, 0.3243333333333333, 0.3237777777777778, 0.32366666666666666, 0.3231111111111111, 0.32277777777777783, 0.3218888888888889, 0.32166666666666666, 0.32077777777777783, 0.3202222222222222, 0.3173333333333333, 0.31722222222222224, 0.31555555555555553, 0.315, 0.31444444444444447, 0.314, 0.314, 0.313, 0.3085555555555556, 0.3073333333333333, 0.30322222222222217, 0.30033333333333334]
 }