{ 
 "teamOPSs": [0.7802222222222223, 0.778888888888889, 0.7736666666666667, 0.7733333333333332, 0.7683333333333332, 0.7584444444444444, 0.7524444444444445, 0.7495555555555558, 0.7485555555555555, 0.7426666666666667, 0.7417777777777776, 0.7388888888888888, 0.7384444444444445, 0.7381111111111109, 0.7343333333333333, 0.734111111111111, 0.7327777777777778, 0.7323333333333333, 0.7306666666666667, 0.7287777777777777, 0.7257777777777776, 0.725, 0.7246666666666666, 0.7193333333333334, 0.7042222222222222, 0.7002222222222222, 0.6967777777777777, 0.6945555555555555, 0.6930000000000001, 0.6642222222222222], 
 "teamBAs": [0.261, 0.2596666666666667, 0.25877777777777783, 0.258, 0.2568888888888889, 0.2564444444444444, 0.25633333333333336, 0.25577777777777777, 0.25511111111111107, 0.25355555555555553, 0.2531111111111111, 0.25266666666666665, 0.25244444444444447, 0.2517777777777778, 0.2502222222222222, 0.2501111111111111, 0.24855555555555556, 0.24811111111111117, 0.24477777777777782, 0.24433333333333332, 0.24422222222222223, 0.24355555555555558, 0.24311111111111108, 0.24288888888888888, 0.2427777777777778, 0.24233333333333335, 0.23966666666666667, 0.23733333333333334, 0.2372222222222222, 0.22733333333333336], 
 "teamOBPs": [0.338, 0.3379999999999999, 0.33555555555555555, 0.33111111111111113, 0.32811111111111113, 0.3274444444444444, 0.32711111111111113, 0.32688888888888884, 0.3264444444444445, 0.32466666666666666, 0.32422222222222224, 0.3224444444444445, 0.32233333333333336, 0.3218888888888889, 0.321, 0.31933333333333336, 0.3192222222222222, 0.3171111111111111, 0.31633333333333336, 0.3156666666666667, 0.31500000000000006, 0.3137777777777778, 0.31333333333333335, 0.31322222222222224, 0.312, 0.31122222222222223, 0.30777777777777776, 0.3045555555555555, 0.30244444444444446, 0.30077777777777776]
 }