{ 
 "teamOPSs": [0.7761111111111111, 0.7742222222222223, 0.769888888888889, 0.7634444444444445, 0.7614444444444445, 0.7541111111111111, 0.7536666666666667, 0.7464444444444442, 0.7463333333333334, 0.7447777777777778, 0.7444444444444446, 0.7395555555555555, 0.7377777777777779, 0.7328888888888889, 0.732, 0.7294444444444445, 0.7286666666666666, 0.7257777777777779, 0.7234444444444444, 0.7213333333333334, 0.717111111111111, 0.7125555555555555, 0.7103333333333333, 0.7086666666666667, 0.7083333333333333, 0.7016666666666667, 0.700888888888889, 0.7005555555555555, 0.6948888888888889, 0.674111111111111], 
 "teamBAs": [0.2618888888888889, 0.26077777777777783, 0.2581111111111112, 0.258, 0.2565555555555556, 0.2564444444444445, 0.2554444444444445, 0.25366666666666665, 0.2533333333333333, 0.2525555555555556, 0.25233333333333335, 0.25177777777777777, 0.25, 0.24855555555555556, 0.2484444444444444, 0.24799999999999997, 0.24688888888888888, 0.24655555555555558, 0.24499999999999997, 0.24477777777777782, 0.2427777777777778, 0.2426666666666667, 0.24255555555555558, 0.24222222222222223, 0.2411111111111111, 0.2408888888888889, 0.24066666666666667, 0.24033333333333332, 0.23811111111111108, 0.22722222222222227], 
 "teamOBPs": [0.33711111111111114, 0.332, 0.33166666666666667, 0.3307777777777778, 0.329, 0.3282222222222222, 0.32688888888888884, 0.3262222222222222, 0.32577777777777783, 0.3254444444444444, 0.3253333333333333, 0.325111111111111, 0.3231111111111111, 0.323, 0.32277777777777783, 0.3207777777777778, 0.32, 0.31933333333333336, 0.31866666666666665, 0.31722222222222224, 0.3157777777777777, 0.3156666666666667, 0.31555555555555553, 0.31366666666666665, 0.3114444444444444, 0.3095555555555556, 0.3033333333333333, 0.3027777777777778, 0.30244444444444446, 0.30233333333333334]
 }