{ 
 "teamOPSs": [0.7783333333333334, 0.7772222222222223, 0.769888888888889, 0.7617777777777778, 0.7547777777777778, 0.751, 0.7505555555555554, 0.7481111111111111, 0.7443333333333333, 0.7422222222222222, 0.7422222222222222, 0.7396666666666668, 0.7395555555555556, 0.737, 0.7325555555555555, 0.7311111111111112, 0.7286666666666667, 0.7284444444444444, 0.7282222222222221, 0.7272222222222222, 0.7271111111111109, 0.7253333333333334, 0.7228888888888889, 0.7225555555555556, 0.7118888888888889, 0.7044444444444444, 0.7032222222222223, 0.6957777777777777, 0.6876666666666669, 0.6677777777777778], 
 "teamBAs": [0.2647777777777778, 0.26122222222222224, 0.2587777777777778, 0.25822222222222224, 0.2581111111111111, 0.2581111111111111, 0.25566666666666665, 0.2551111111111111, 0.255, 0.25488888888888894, 0.2545555555555556, 0.25377777777777777, 0.25322222222222224, 0.25177777777777777, 0.25166666666666665, 0.25077777777777777, 0.2493333333333333, 0.2488888888888889, 0.24799999999999997, 0.24733333333333332, 0.24722222222222223, 0.24644444444444438, 0.246, 0.24322222222222223, 0.24300000000000002, 0.2408888888888889, 0.24022222222222225, 0.23844444444444443, 0.23755555555555555, 0.22688888888888886], 
 "teamOBPs": [0.33477777777777784, 0.33411111111111114, 0.33188888888888884, 0.32877777777777784, 0.32833333333333337, 0.32833333333333337, 0.32711111111111113, 0.32577777777777783, 0.32566666666666666, 0.32466666666666666, 0.3238888888888889, 0.32311111111111107, 0.32300000000000006, 0.32288888888888884, 0.3221111111111111, 0.3221111111111111, 0.32199999999999995, 0.32166666666666666, 0.3205555555555556, 0.32, 0.31955555555555554, 0.31833333333333336, 0.31622222222222224, 0.3142222222222222, 0.314, 0.31344444444444447, 0.30644444444444446, 0.30366666666666664, 0.3034444444444444, 0.29844444444444446]
 }