{ 
 "teamOPSs": [0.7827777777777778, 0.7802222222222223, 0.7737777777777777, 0.771888888888889, 0.7673333333333333, 0.7658888888888888, 0.7625555555555555, 0.758888888888889, 0.7552222222222222, 0.7506666666666668, 0.7457777777777778, 0.7454444444444445, 0.7406666666666667, 0.7388888888888888, 0.7384444444444445, 0.7381111111111109, 0.7306666666666666, 0.7293333333333334, 0.7244444444444446, 0.7202222222222222, 0.7189999999999999, 0.7173333333333334, 0.7165555555555554, 0.7148888888888888, 0.7087777777777778, 0.7063333333333333, 0.7048888888888889, 0.700888888888889, 0.6854444444444444, 0.6677777777777778], 
 "teamBAs": [0.2675555555555555, 0.2637777777777778, 0.2632222222222222, 0.262, 0.26155555555555554, 0.2596666666666667, 0.25900000000000006, 0.25877777777777783, 0.2586666666666666, 0.2565555555555556, 0.25577777777777777, 0.25500000000000006, 0.2541111111111112, 0.2536666666666667, 0.25277777777777777, 0.24944444444444447, 0.24822222222222223, 0.24755555555555558, 0.24688888888888894, 0.24499999999999997, 0.24433333333333332, 0.24355555555555558, 0.24255555555555552, 0.24177777777777779, 0.2408888888888889, 0.24033333333333332, 0.23977777777777776, 0.2368888888888889, 0.23511111111111113, 0.22655555555555557], 
 "teamOBPs": [0.33855555555555555, 0.33855555555555555, 0.33744444444444444, 0.33111111111111113, 0.3304444444444445, 0.32833333333333337, 0.328, 0.32711111111111113, 0.3268888888888889, 0.3262222222222222, 0.32577777777777783, 0.32499999999999996, 0.3245555555555556, 0.3237777777777777, 0.321, 0.3202222222222222, 0.32, 0.3197777777777777, 0.31933333333333336, 0.3188888888888889, 0.31877777777777777, 0.3152222222222223, 0.31466666666666665, 0.31444444444444447, 0.3131111111111111, 0.3108888888888889, 0.3087777777777777, 0.3032222222222222, 0.30244444444444446, 0.2986666666666667]
 }