{ 
 "teamOPSs": [0.7813333333333332, 0.7804444444444445, 0.7717777777777778, 0.7677777777777778, 0.7561111111111112, 0.7502222222222223, 0.7473333333333334, 0.7464444444444444, 0.7425555555555555, 0.7416666666666667, 0.7396666666666666, 0.7388888888888888, 0.7381111111111109, 0.7374444444444445, 0.7358888888888888, 0.7343333333333333, 0.7341111111111112, 0.7341111111111112, 0.7326666666666667, 0.7325555555555555, 0.728, 0.7249999999999999, 0.7175555555555556, 0.7137777777777777, 0.7063333333333333, 0.6955555555555555, 0.6903333333333332, 0.6897777777777778, 0.6881111111111111, 0.6646666666666667], 
 "teamBAs": [0.2617777777777778, 0.2588888888888889, 0.25877777777777783, 0.2581111111111111, 0.2558888888888889, 0.25566666666666665, 0.25522222222222224, 0.25488888888888894, 0.25477777777777777, 0.2541111111111112, 0.25266666666666665, 0.2522222222222223, 0.25188888888888894, 0.25177777777777777, 0.2516666666666667, 0.25166666666666665, 0.25155555555555553, 0.24855555555555556, 0.24822222222222223, 0.24688888888888894, 0.2457777777777778, 0.24477777777777782, 0.2444444444444444, 0.24333333333333332, 0.24322222222222223, 0.24288888888888893, 0.2411111111111111, 0.23755555555555555, 0.23455555555555557, 0.2247777777777778], 
 "teamOBPs": [0.3432222222222222, 0.33688888888888896, 0.33077777777777784, 0.33011111111111113, 0.32888888888888895, 0.32866666666666666, 0.32711111111111113, 0.32711111111111113, 0.3262222222222222, 0.32566666666666666, 0.32433333333333336, 0.32433333333333336, 0.323, 0.32277777777777783, 0.32277777777777783, 0.31766666666666665, 0.31766666666666665, 0.31633333333333336, 0.31633333333333336, 0.31611111111111106, 0.3153333333333334, 0.31466666666666665, 0.31455555555555553, 0.3142222222222222, 0.3133333333333333, 0.31055555555555553, 0.30877777777777776, 0.308, 0.2995555555555555, 0.2976666666666667]
 }