{ 
 "teamOPSs": [0.7992222222222222, 0.7945555555555556, 0.7853333333333334, 0.7768888888888889, 0.7718888888888888, 0.7681111111111111, 0.7543333333333334, 0.7542222222222222, 0.7506666666666666, 0.7492222222222222, 0.7481111111111112, 0.745, 0.7444444444444444, 0.7431111111111111, 0.7426666666666667, 0.7410000000000001, 0.7406666666666667, 0.7395555555555554, 0.7376666666666668, 0.7362222222222221, 0.7345555555555554, 0.7285555555555555, 0.7277777777777777, 0.7263333333333333, 0.7233333333333333, 0.7194444444444444, 0.7175555555555555, 0.712, 0.7073333333333335, 0.6816666666666666], 
 "teamBAs": [0.26766666666666666, 0.26499999999999996, 0.2626666666666667, 0.262, 0.2601111111111111, 0.26, 0.2587777777777778, 0.258, 0.2568888888888889, 0.2565555555555556, 0.25588888888888883, 0.2538888888888889, 0.25311111111111106, 0.25222222222222224, 0.2522222222222222, 0.2508888888888889, 0.25066666666666665, 0.24988888888888894, 0.2497777777777778, 0.24944444444444447, 0.24766666666666667, 0.24755555555555558, 0.24755555555555558, 0.24433333333333332, 0.24411111111111106, 0.24355555555555558, 0.24255555555555558, 0.24155555555555555, 0.23777777777777778, 0.2262222222222222], 
 "teamOBPs": [0.33977777777777773, 0.3382222222222222, 0.33699999999999997, 0.33688888888888896, 0.3365555555555556, 0.3337777777777778, 0.33233333333333337, 0.33122222222222225, 0.33088888888888884, 0.3298888888888889, 0.32844444444444443, 0.32766666666666666, 0.32711111111111113, 0.327, 0.3251111111111111, 0.32400000000000007, 0.3231111111111111, 0.3222222222222222, 0.3207777777777778, 0.3207777777777778, 0.3191111111111111, 0.31677777777777777, 0.31588888888888883, 0.31488888888888883, 0.31155555555555553, 0.31144444444444447, 0.3114444444444444, 0.31055555555555553, 0.30911111111111106, 0.3047777777777778]
 }