{ 
 "teamOPSs": [0.7963333333333333, 0.7953333333333334, 0.7794444444444445, 0.778111111111111, 0.7679999999999999, 0.7673333333333333, 0.7672222222222222, 0.7627777777777778, 0.7625555555555555, 0.7622222222222224, 0.7593333333333333, 0.754, 0.7516666666666666, 0.7508888888888889, 0.7491111111111111, 0.7488888888888888, 0.7471111111111112, 0.7427777777777779, 0.7402222222222223, 0.7372222222222222, 0.7362222222222223, 0.7327777777777778, 0.7321111111111112, 0.7294444444444443, 0.7250000000000001, 0.7234444444444444, 0.718, 0.7056666666666667, 0.703888888888889, 0.6807777777777777], 
 "teamBAs": [0.2654444444444444, 0.2627777777777778, 0.2614444444444445, 0.26111111111111107, 0.2595555555555556, 0.25855555555555554, 0.2576666666666667, 0.25766666666666665, 0.25755555555555554, 0.2554444444444445, 0.2542222222222222, 0.2538888888888889, 0.2536666666666667, 0.2536666666666667, 0.25344444444444447, 0.25288888888888894, 0.2527777777777778, 0.2525555555555556, 0.2517777777777777, 0.25111111111111106, 0.251, 0.2488888888888889, 0.24833333333333338, 0.24711111111111114, 0.24688888888888882, 0.24477777777777776, 0.24200000000000005, 0.2415555555555556, 0.23866666666666672, 0.22788888888888886], 
 "teamOBPs": [0.3406666666666667, 0.33744444444444444, 0.33511111111111114, 0.33399999999999996, 0.3327777777777778, 0.3312222222222222, 0.331, 0.3307777777777778, 0.3301111111111111, 0.3293333333333333, 0.3288888888888889, 0.326, 0.32599999999999996, 0.325, 0.3248888888888889, 0.32433333333333336, 0.3234444444444444, 0.32322222222222224, 0.3232222222222222, 0.3224444444444444, 0.3221111111111111, 0.3214444444444445, 0.3208888888888889, 0.3197777777777777, 0.3195555555555556, 0.3128888888888889, 0.3122222222222222, 0.3121111111111111, 0.3114444444444444, 0.30411111111111105]
 }