{ 
 "teamOPSs": [0.7825555555555554, 0.7724444444444444, 0.7622222222222222, 0.7575555555555555, 0.7573333333333334, 0.7551111111111112, 0.7422222222222221, 0.7395555555555556, 0.739, 0.7372222222222223, 0.7354444444444445, 0.7344444444444443, 0.734, 0.7319999999999999, 0.7286666666666667, 0.7286666666666666, 0.7276666666666667, 0.7258888888888889, 0.7189999999999999, 0.7173333333333334, 0.7170000000000001, 0.7161111111111111, 0.7156666666666666, 0.7154444444444444, 0.7108888888888889, 0.7076666666666667, 0.7063333333333334, 0.7055555555555556, 0.6902222222222222, 0.6779999999999999], 
 "teamBAs": [0.26166666666666666, 0.2607777777777778, 0.259, 0.2586666666666667, 0.2551111111111111, 0.25500000000000006, 0.25466666666666665, 0.2544444444444445, 0.25355555555555553, 0.25333333333333335, 0.2531111111111112, 0.2531111111111111, 0.2528888888888889, 0.25155555555555553, 0.25055555555555553, 0.2484444444444444, 0.24822222222222223, 0.24755555555555558, 0.24700000000000003, 0.24700000000000003, 0.24611111111111109, 0.2452222222222222, 0.24511111111111117, 0.24344444444444444, 0.2408888888888889, 0.2408888888888889, 0.2378888888888889, 0.2378888888888889, 0.2375555555555556, 0.22666666666666668], 
 "teamOBPs": [0.33888888888888885, 0.33288888888888885, 0.33111111111111113, 0.3286666666666666, 0.3282222222222222, 0.32755555555555554, 0.3273333333333333, 0.3253333333333333, 0.3248888888888889, 0.32400000000000007, 0.3234444444444444, 0.3223333333333333, 0.322, 0.32177777777777783, 0.3211111111111112, 0.32077777777777783, 0.3201111111111111, 0.31977777777777777, 0.3181111111111112, 0.3153333333333334, 0.3151111111111111, 0.3142222222222222, 0.3142222222222222, 0.3141111111111111, 0.3134444444444444, 0.31277777777777777, 0.31266666666666665, 0.30877777777777776, 0.3013333333333333, 0.30066666666666664]
 }