{ 
 "teamOPSs": [0.8095555555555557, 0.7858888888888889, 0.7743333333333333, 0.773, 0.7681111111111112, 0.7613333333333333, 0.7568888888888888, 0.7561111111111112, 0.756, 0.7546666666666666, 0.7516666666666667, 0.7496666666666667, 0.7463333333333333, 0.7455555555555556, 0.7448888888888887, 0.7445555555555556, 0.7412222222222221, 0.7360000000000001, 0.7358888888888889, 0.7353333333333334, 0.7344444444444446, 0.7327777777777779, 0.7327777777777779, 0.7293333333333333, 0.7292222222222223, 0.7253333333333334, 0.7203333333333333, 0.7090000000000001, 0.7085555555555555, 0.682], 
 "teamBAs": [0.26666666666666666, 0.2643333333333333, 0.26366666666666666, 0.26077777777777783, 0.25988888888888895, 0.2587777777777778, 0.2558888888888889, 0.2555555555555556, 0.2544444444444445, 0.2543333333333333, 0.25400000000000006, 0.254, 0.2528888888888889, 0.2527777777777778, 0.2527777777777778, 0.25277777777777777, 0.25277777777777777, 0.25255555555555553, 0.2518888888888889, 0.2506666666666667, 0.2501111111111112, 0.2501111111111112, 0.2497777777777778, 0.24855555555555556, 0.24700000000000003, 0.247, 0.24422222222222223, 0.2408888888888889, 0.23966666666666667, 0.22633333333333333], 
 "teamOBPs": [0.339, 0.33455555555555555, 0.3333333333333333, 0.3333333333333333, 0.33299999999999996, 0.33266666666666667, 0.33233333333333337, 0.33100000000000007, 0.3303333333333333, 0.32911111111111113, 0.32688888888888884, 0.3263333333333333, 0.3255555555555556, 0.3254444444444445, 0.3254444444444444, 0.3245555555555556, 0.32422222222222224, 0.32388888888888884, 0.3236666666666667, 0.32122222222222224, 0.3192222222222222, 0.3175555555555556, 0.3174444444444445, 0.31722222222222224, 0.3142222222222222, 0.31366666666666665, 0.3135555555555556, 0.308, 0.3061111111111111, 0.3023333333333333]
 }