{ 
 "teamOPSs": [0.7802222222222222, 0.778888888888889, 0.778, 0.775222222222222, 0.7698888888888891, 0.7505555555555554, 0.7485555555555555, 0.7461111111111111, 0.7457777777777778, 0.7431111111111111, 0.7426666666666667, 0.741111111111111, 0.7405555555555554, 0.7387777777777778, 0.7381111111111109, 0.7335555555555556, 0.7268888888888889, 0.7265555555555555, 0.7239999999999999, 0.7235555555555556, 0.7203333333333334, 0.7178888888888889, 0.7125555555555555, 0.7063333333333334, 0.7017777777777776, 0.697, 0.6902222222222222, 0.6883333333333334, 0.6881111111111111, 0.6833333333333333], 
 "teamBAs": [0.2644444444444445, 0.261, 0.2596666666666667, 0.25933333333333336, 0.258, 0.25700000000000006, 0.25688888888888894, 0.25466666666666665, 0.25355555555555553, 0.25166666666666665, 0.25044444444444447, 0.2501111111111111, 0.24944444444444447, 0.24822222222222226, 0.24799999999999997, 0.24744444444444444, 0.24688888888888894, 0.24688888888888888, 0.2456666666666667, 0.2451111111111111, 0.24488888888888885, 0.24333333333333332, 0.242, 0.24133333333333334, 0.2408888888888889, 0.23888888888888893, 0.23855555555555552, 0.23744444444444446, 0.23688888888888884, 0.23077777777777783], 
 "teamOBPs": [0.34088888888888885, 0.33611111111111114, 0.33555555555555555, 0.33111111111111113, 0.32688888888888884, 0.3258888888888889, 0.32577777777777783, 0.3248888888888889, 0.3244444444444444, 0.3237777777777777, 0.3224444444444445, 0.32211111111111107, 0.322, 0.32022222222222224, 0.31866666666666665, 0.31855555555555554, 0.3183333333333333, 0.3182222222222222, 0.3168888888888889, 0.31622222222222224, 0.31366666666666665, 0.31211111111111106, 0.3117777777777778, 0.31055555555555553, 0.3097777777777778, 0.3093333333333333, 0.30566666666666664, 0.305, 0.3044444444444444, 0.304]
 }