{ 
 "teamOPSs": [0.8093333333333333, 0.7895555555555556, 0.7825555555555556, 0.7666666666666667, 0.7653333333333332, 0.7602222222222224, 0.7599999999999999, 0.7595555555555555, 0.7594444444444445, 0.7551111111111111, 0.7537777777777779, 0.7516666666666666, 0.7508888888888889, 0.7486666666666666, 0.7464444444444444, 0.7455555555555556, 0.7434444444444446, 0.7386666666666666, 0.7353333333333334, 0.7345555555555554, 0.7328888888888888, 0.7327777777777778, 0.7326666666666666, 0.7281111111111112, 0.7257777777777779, 0.72, 0.7143333333333334, 0.7132222222222222, 0.6962222222222223, 0.6833333333333333], 
 "teamBAs": [0.266, 0.26311111111111113, 0.262, 0.2618888888888889, 0.2613333333333333, 0.26077777777777783, 0.2598888888888889, 0.2581111111111112, 0.2564444444444444, 0.2563333333333333, 0.2557777777777777, 0.2544444444444445, 0.2542222222222222, 0.25355555555555553, 0.25288888888888894, 0.2521111111111111, 0.25200000000000006, 0.25188888888888894, 0.25177777777777777, 0.24911111111111112, 0.249, 0.2486666666666667, 0.24788888888888888, 0.24777777777777776, 0.24555555555555555, 0.24322222222222223, 0.24255555555555558, 0.23977777777777776, 0.23555555555555557, 0.23300000000000004], 
 "teamOBPs": [0.34111111111111114, 0.33988888888888896, 0.3353333333333333, 0.33433333333333337, 0.3337777777777778, 0.333, 0.33244444444444443, 0.3318888888888889, 0.32899999999999996, 0.3282222222222222, 0.3275555555555556, 0.32633333333333336, 0.3256666666666666, 0.3248888888888889, 0.324, 0.32322222222222224, 0.3217777777777778, 0.3217777777777778, 0.32166666666666666, 0.32111111111111107, 0.321, 0.31688888888888883, 0.3164444444444445, 0.31611111111111106, 0.31455555555555553, 0.31311111111111106, 0.31266666666666665, 0.30977777777777776, 0.3078888888888889, 0.30188888888888893]
 }