{ 
 "teamOPSs": [0.7781111111111111, 0.7757777777777778, 0.7724444444444444, 0.7698888888888887, 0.7622222222222222, 0.7615555555555555, 0.7526666666666666, 0.7491111111111112, 0.7466666666666667, 0.7463333333333334, 0.7429999999999999, 0.7422222222222222, 0.7398888888888888, 0.7377777777777776, 0.7372222222222223, 0.7330000000000001, 0.7306666666666666, 0.7291111111111112, 0.7277777777777777, 0.7225555555555556, 0.7224444444444444, 0.7176666666666666, 0.7170000000000001, 0.7117777777777777, 0.7078888888888888, 0.7077777777777778, 0.705111111111111, 0.698, 0.698, 0.6646666666666667], 
 "teamBAs": [0.2648888888888889, 0.2623333333333333, 0.259, 0.2582222222222222, 0.2568888888888889, 0.25622222222222224, 0.2543333333333333, 0.25422222222222224, 0.2531111111111112, 0.2527777777777778, 0.2527777777777777, 0.25233333333333335, 0.25122222222222224, 0.25055555555555553, 0.25044444444444447, 0.2494444444444444, 0.24911111111111117, 0.24911111111111112, 0.24600000000000005, 0.2458888888888889, 0.2453333333333333, 0.24500000000000005, 0.24455555555555555, 0.24344444444444444, 0.2426666666666667, 0.2404444444444444, 0.2401111111111111, 0.23900000000000002, 0.2372222222222222, 0.2247777777777778], 
 "teamOBPs": [0.3321111111111111, 0.332, 0.33111111111111113, 0.33077777777777784, 0.32988888888888884, 0.3287777777777778, 0.3286666666666666, 0.32733333333333337, 0.3273333333333333, 0.3268888888888889, 0.32566666666666666, 0.32433333333333336, 0.3238888888888889, 0.3238888888888889, 0.32355555555555554, 0.3234444444444444, 0.3232222222222222, 0.32166666666666666, 0.31955555555555554, 0.31444444444444447, 0.3143333333333333, 0.3141111111111111, 0.3134444444444444, 0.3124444444444444, 0.31133333333333335, 0.3088888888888889, 0.3085555555555556, 0.30733333333333335, 0.30366666666666664, 0.2995555555555556]
 }