{ 
 "teamOPSs": [0.8053333333333333, 0.7801111111111112, 0.7783333333333333, 0.7685555555555555, 0.7625555555555557, 0.7602222222222222, 0.7573333333333334, 0.7573333333333333, 0.7535555555555554, 0.7511111111111111, 0.7478888888888888, 0.7476666666666666, 0.7465555555555556, 0.7464444444444445, 0.7441111111111112, 0.7431111111111111, 0.7426666666666666, 0.7405555555555555, 0.7378888888888889, 0.736, 0.7341111111111112, 0.7287777777777777, 0.7212222222222222, 0.7207777777777777, 0.7193333333333334, 0.7166666666666667, 0.716, 0.711111111111111, 0.7065555555555555, 0.7016666666666667], 
 "teamBAs": [0.2644444444444445, 0.2621111111111111, 0.2588888888888889, 0.2581111111111111, 0.2571111111111111, 0.2571111111111111, 0.2568888888888889, 0.2565555555555556, 0.2564444444444444, 0.25622222222222224, 0.25511111111111107, 0.2521111111111111, 0.25166666666666665, 0.25122222222222224, 0.2512222222222222, 0.2508888888888889, 0.2498888888888889, 0.24966666666666665, 0.24933333333333335, 0.24911111111111112, 0.24855555555555556, 0.24811111111111112, 0.247, 0.246, 0.2456666666666667, 0.2441111111111111, 0.24377777777777776, 0.23922222222222222, 0.23755555555555555, 0.2328888888888889], 
 "teamOBPs": [0.3393333333333333, 0.333, 0.3305555555555555, 0.3301111111111112, 0.33, 0.32966666666666666, 0.32911111111111113, 0.32866666666666666, 0.3274444444444445, 0.32666666666666666, 0.3263333333333333, 0.3262222222222222, 0.3254444444444445, 0.32466666666666666, 0.3241111111111111, 0.3237777777777778, 0.3228888888888889, 0.3222222222222222, 0.3218888888888889, 0.3215555555555556, 0.32055555555555565, 0.3202222222222222, 0.3194444444444444, 0.3188888888888889, 0.31666666666666665, 0.3117777777777778, 0.3111111111111111, 0.3104444444444444, 0.3073333333333333, 0.30533333333333335]
 }