{ 
 "teamOPSs": [0.8058888888888889, 0.8028888888888889, 0.7893333333333332, 0.7784444444444445, 0.7765555555555557, 0.7747777777777779, 0.7663333333333333, 0.7613333333333334, 0.7521111111111112, 0.7517777777777778, 0.7512222222222222, 0.751, 0.7504444444444444, 0.7503333333333333, 0.7491111111111112, 0.7488888888888889, 0.7486666666666667, 0.7468888888888888, 0.7454444444444445, 0.7444444444444444, 0.741111111111111, 0.733, 0.732111111111111, 0.730111111111111, 0.7274444444444444, 0.724111111111111, 0.7178888888888888, 0.7165555555555555, 0.714, 0.6881111111111111], 
 "teamBAs": [0.2656666666666667, 0.26533333333333337, 0.26455555555555554, 0.26322222222222225, 0.26122222222222224, 0.26077777777777783, 0.2604444444444445, 0.25633333333333336, 0.2562222222222223, 0.2561111111111111, 0.25611111111111107, 0.2558888888888889, 0.2552222222222222, 0.2548888888888889, 0.254, 0.25344444444444447, 0.253, 0.25177777777777777, 0.2513333333333334, 0.25055555555555553, 0.2497777777777778, 0.249, 0.2484444444444444, 0.24811111111111112, 0.247, 0.24544444444444447, 0.24400000000000002, 0.24177777777777776, 0.2411111111111111, 0.23333333333333334], 
 "teamOBPs": [0.34255555555555556, 0.342, 0.3401111111111111, 0.3357777777777778, 0.33511111111111114, 0.3325555555555556, 0.33111111111111113, 0.33055555555555555, 0.3295555555555556, 0.3293333333333333, 0.3284444444444445, 0.3281111111111111, 0.3267777777777778, 0.32566666666666666, 0.3247777777777778, 0.3245555555555556, 0.32411111111111107, 0.32333333333333336, 0.3231111111111111, 0.3223333333333333, 0.32177777777777783, 0.32099999999999995, 0.32, 0.31666666666666665, 0.31488888888888883, 0.31444444444444447, 0.3108888888888888, 0.31055555555555553, 0.30999999999999994, 0.3095555555555556]
 }