{ 
 "teamOPSs": [0.7804444444444445, 0.7717777777777778, 0.7648888888888888, 0.7512222222222221, 0.751, 0.7501111111111111, 0.7473333333333334, 0.7464444444444445, 0.746, 0.7422222222222222, 0.7386666666666666, 0.7365555555555556, 0.7337777777777776, 0.7326666666666666, 0.7321111111111112, 0.7306666666666666, 0.7292222222222223, 0.729, 0.7282222222222222, 0.7268888888888889, 0.7216666666666668, 0.7203333333333333, 0.7160000000000001, 0.7095555555555557, 0.7027777777777778, 0.7022222222222223, 0.7014444444444443, 0.6983333333333334, 0.6955555555555555, 0.6714444444444445], 
 "teamBAs": [0.2605555555555556, 0.2581111111111111, 0.2581111111111111, 0.25522222222222224, 0.255, 0.25488888888888883, 0.25477777777777777, 0.25455555555555553, 0.2544444444444445, 0.2541111111111111, 0.25266666666666665, 0.252, 0.2518888888888889, 0.25177777777777777, 0.2516666666666667, 0.25144444444444447, 0.24944444444444447, 0.24822222222222223, 0.24744444444444447, 0.2456666666666667, 0.24511111111111117, 0.2441111111111111, 0.24244444444444443, 0.24211111111111108, 0.2416666666666667, 0.2411111111111111, 0.23822222222222222, 0.23822222222222222, 0.23744444444444446, 0.23666666666666666], 
 "teamOBPs": [0.33688888888888896, 0.3368888888888889, 0.33122222222222225, 0.32888888888888895, 0.32877777777777784, 0.3266666666666667, 0.3258888888888889, 0.32533333333333336, 0.3253333333333333, 0.32433333333333336, 0.3236666666666667, 0.323, 0.32122222222222224, 0.3211111111111111, 0.32, 0.3197777777777777, 0.3194444444444444, 0.31877777777777777, 0.3182222222222222, 0.3178888888888889, 0.3178888888888889, 0.31466666666666665, 0.31444444444444447, 0.31366666666666665, 0.31288888888888894, 0.31244444444444447, 0.308, 0.3061111111111111, 0.30599999999999994, 0.29811111111111116]
 }