{ 
 "teamOPSs": [0.8002222222222222, 0.7885555555555555, 0.785888888888889, 0.7789999999999999, 0.775888888888889, 0.7739999999999999, 0.7692222222222221, 0.7688888888888888, 0.7651111111111111, 0.7605555555555555, 0.7581111111111112, 0.7542222222222222, 0.7518888888888888, 0.7481111111111112, 0.7464444444444444, 0.7448888888888889, 0.7436666666666667, 0.7406666666666667, 0.7386666666666666, 0.7382222222222223, 0.7344444444444445, 0.7341111111111112, 0.7264444444444444, 0.7192222222222222, 0.7172222222222222, 0.7151111111111111, 0.7112222222222223, 0.7064444444444443, 0.7005555555555555, 0.6854444444444444], 
 "teamBAs": [0.26766666666666666, 0.2641111111111111, 0.2624444444444445, 0.261, 0.2597777777777777, 0.2575555555555556, 0.25733333333333336, 0.25633333333333336, 0.256, 0.25566666666666665, 0.25477777777777777, 0.25477777777777777, 0.25355555555555553, 0.25344444444444447, 0.252, 0.25188888888888883, 0.25177777777777777, 0.2516666666666667, 0.25033333333333335, 0.24966666666666665, 0.24966666666666665, 0.24933333333333335, 0.24811111111111112, 0.24711111111111114, 0.2456666666666667, 0.24333333333333332, 0.24166666666666664, 0.24122222222222225, 0.23399999999999999, 0.23377777777777778], 
 "teamOBPs": [0.34111111111111114, 0.33922222222222215, 0.33577777777777773, 0.33322222222222225, 0.3322222222222222, 0.33111111111111113, 0.33, 0.3291111111111112, 0.3287777777777778, 0.32755555555555554, 0.326, 0.32566666666666666, 0.3255555555555556, 0.3243333333333333, 0.3238888888888889, 0.3237777777777777, 0.32066666666666666, 0.32066666666666666, 0.32033333333333336, 0.31977777777777777, 0.31966666666666665, 0.3195555555555556, 0.3195555555555556, 0.31933333333333336, 0.3174444444444445, 0.3166666666666667, 0.31266666666666665, 0.3125555555555556, 0.3096666666666667, 0.3068888888888889]
 }