{ 
 "teamOPSs": [0.7718888888888888, 0.7672222222222222, 0.766888888888889, 0.7574444444444445, 0.7512222222222221, 0.7502222222222222, 0.7473333333333334, 0.7464444444444445, 0.7448888888888888, 0.7436666666666666, 0.7431111111111111, 0.7420000000000001, 0.742, 0.7413333333333333, 0.7343333333333333, 0.734, 0.7317777777777777, 0.7287777777777777, 0.7281111111111112, 0.7249999999999999, 0.7212222222222223, 0.7195555555555555, 0.7168888888888889, 0.7125555555555556, 0.7064444444444444, 0.7017777777777776, 0.700888888888889, 0.6952222222222223, 0.6858888888888889, 0.6708888888888889], 
 "teamBAs": [0.26166666666666666, 0.25777777777777783, 0.25655555555555554, 0.25655555555555554, 0.2564444444444445, 0.25555555555555565, 0.2554444444444445, 0.2544444444444445, 0.2541111111111111, 0.2521111111111112, 0.25188888888888894, 0.2517777777777778, 0.25177777777777777, 0.2516666666666667, 0.2516666666666667, 0.25144444444444447, 0.2498888888888889, 0.2497777777777778, 0.2484444444444444, 0.24755555555555553, 0.24688888888888888, 0.24477777777777782, 0.24300000000000002, 0.24233333333333335, 0.24144444444444446, 0.24033333333333332, 0.23777777777777775, 0.2368888888888889, 0.23600000000000002, 0.23577777777777775], 
 "teamOBPs": [0.33688888888888896, 0.3368888888888889, 0.33522222222222225, 0.33266666666666667, 0.3268888888888889, 0.326, 0.32577777777777783, 0.32433333333333336, 0.3238888888888889, 0.3233333333333333, 0.323, 0.322, 0.3218888888888889, 0.32066666666666666, 0.3198888888888889, 0.3191111111111111, 0.31877777777777777, 0.3182222222222222, 0.31633333333333336, 0.3158888888888889, 0.3145555555555556, 0.31433333333333335, 0.3142222222222222, 0.3133333333333333, 0.3113333333333333, 0.31122222222222223, 0.30599999999999994, 0.3055555555555556, 0.3044444444444444, 0.30244444444444446]
 }