{ 
 "teamOPSs": [0.7802222222222223, 0.7744444444444445, 0.7683333333333332, 0.7641111111111112, 0.7584444444444444, 0.7552222222222222, 0.7547777777777778, 0.7426666666666667, 0.7384444444444443, 0.7378888888888888, 0.7374444444444445, 0.7365555555555556, 0.7360000000000001, 0.7344444444444443, 0.7342222222222222, 0.733111111111111, 0.7327777777777778, 0.7311111111111112, 0.7282222222222222, 0.7276666666666667, 0.7193333333333334, 0.7184444444444444, 0.7137777777777776, 0.7133333333333334, 0.7091111111111111, 0.7023333333333334, 0.7002222222222222, 0.6945555555555555, 0.6930000000000001, 0.669], 
 "teamBAs": [0.2624444444444445, 0.26122222222222224, 0.2596666666666667, 0.25966666666666666, 0.2587777777777778, 0.2584444444444445, 0.258, 0.25677777777777777, 0.2544444444444445, 0.253, 0.25277777777777777, 0.25266666666666665, 0.2525555555555556, 0.25144444444444447, 0.2508888888888889, 0.24855555555555556, 0.24777777777777774, 0.24711111111111114, 0.2467777777777778, 0.24500000000000005, 0.24433333333333332, 0.2441111111111111, 0.24355555555555558, 0.24288888888888888, 0.24133333333333334, 0.2408888888888889, 0.23888888888888893, 0.23733333333333334, 0.2372222222222222, 0.23044444444444442], 
 "teamOBPs": [0.33855555555555555, 0.3379999999999999, 0.33111111111111113, 0.32833333333333337, 0.3274444444444444, 0.32711111111111113, 0.3262222222222222, 0.3258888888888889, 0.32566666666666666, 0.32533333333333325, 0.32466666666666666, 0.3237777777777778, 0.3224444444444445, 0.32166666666666666, 0.32077777777777783, 0.32077777777777783, 0.3205555555555556, 0.31933333333333336, 0.3178888888888889, 0.3174444444444444, 0.31711111111111107, 0.3168888888888889, 0.31500000000000006, 0.31466666666666665, 0.3137777777777778, 0.3121111111111111, 0.31066666666666665, 0.30499999999999994, 0.3045555555555555, 0.30244444444444446]
 }