{ 
 "teamOPSs": [0.7923333333333332, 0.7882222222222224, 0.7844444444444444, 0.7757777777777777, 0.7689999999999999, 0.7652222222222222, 0.7615555555555555, 0.7611111111111112, 0.7588888888888888, 0.7585555555555554, 0.7583333333333334, 0.7581111111111112, 0.7473333333333334, 0.7468888888888888, 0.7406666666666667, 0.7405555555555555, 0.7397777777777778, 0.7392222222222222, 0.7354444444444445, 0.7264444444444444, 0.722, 0.7203333333333334, 0.7198888888888889, 0.7184444444444443, 0.7174444444444444, 0.7121111111111111, 0.7113333333333333, 0.703111111111111, 0.7018888888888888, 0.6827777777777777], 
 "teamBAs": [0.26555555555555554, 0.261, 0.26055555555555554, 0.2597777777777778, 0.2577777777777778, 0.25699999999999995, 0.25666666666666665, 0.255, 0.2542222222222222, 0.25411111111111107, 0.2528888888888889, 0.25222222222222224, 0.25177777777777777, 0.2515555555555556, 0.2514444444444444, 0.251, 0.25, 0.2493333333333333, 0.24911111111111112, 0.24888888888888885, 0.24711111111111114, 0.24655555555555553, 0.24622222222222223, 0.24466666666666667, 0.24377777777777776, 0.24355555555555558, 0.2414444444444445, 0.24133333333333334, 0.24077777777777776, 0.2338888888888889], 
 "teamOBPs": [0.3418888888888889, 0.3395555555555555, 0.33688888888888885, 0.3338888888888889, 0.32999999999999996, 0.3293333333333333, 0.32877777777777767, 0.32855555555555555, 0.3278888888888889, 0.32755555555555554, 0.32722222222222225, 0.32700000000000007, 0.32700000000000007, 0.32433333333333336, 0.32411111111111107, 0.32333333333333336, 0.32255555555555554, 0.3217777777777778, 0.32088888888888883, 0.3193333333333334, 0.31888888888888894, 0.31833333333333336, 0.31766666666666665, 0.31766666666666665, 0.3117777777777778, 0.31166666666666665, 0.31044444444444447, 0.3088888888888889, 0.30344444444444446, 0.3]
 }