{ 
 "teamOPSs": [0.7987777777777778, 0.7791111111111111, 0.7773333333333334, 0.7727777777777778, 0.772, 0.7675555555555555, 0.7657777777777777, 0.7617777777777777, 0.7570000000000001, 0.7557777777777778, 0.7542222222222221, 0.7533333333333333, 0.7521111111111112, 0.7496666666666667, 0.745111111111111, 0.7445555555555557, 0.7443333333333333, 0.7424444444444442, 0.742111111111111, 0.7401111111111112, 0.7344444444444443, 0.7302222222222222, 0.7285555555555555, 0.7282222222222222, 0.7257777777777777, 0.7232222222222222, 0.7092222222222221, 0.7055555555555555, 0.7054444444444444, 0.6754444444444444], 
 "teamBAs": [0.26455555555555554, 0.26322222222222225, 0.26233333333333336, 0.26099999999999995, 0.2597777777777778, 0.2597777777777778, 0.2577777777777778, 0.2572222222222222, 0.25622222222222224, 0.2544444444444445, 0.2542222222222222, 0.254, 0.25366666666666665, 0.2528888888888889, 0.2515555555555556, 0.25100000000000006, 0.2508888888888889, 0.25044444444444447, 0.25033333333333335, 0.2497777777777778, 0.24911111111111112, 0.24844444444444447, 0.24788888888888888, 0.24744444444444444, 0.24722222222222223, 0.24422222222222223, 0.241, 0.24055555555555555, 0.23988888888888893, 0.22766666666666666], 
 "teamOBPs": [0.339, 0.3387777777777778, 0.3358888888888889, 0.3346666666666667, 0.33399999999999996, 0.33233333333333337, 0.3317777777777778, 0.3305555555555555, 0.3302222222222222, 0.32922222222222225, 0.32800000000000007, 0.3272222222222222, 0.32699999999999996, 0.32677777777777783, 0.3266666666666667, 0.3254444444444444, 0.3254444444444444, 0.32433333333333336, 0.32277777777777783, 0.3223333333333333, 0.3213333333333333, 0.3196666666666667, 0.3156666666666667, 0.3138888888888889, 0.31344444444444447, 0.31133333333333335, 0.31, 0.3067777777777778, 0.3055555555555556, 0.3042222222222222]
 }