{ 
 "teamOPSs": [0.7794444444444444, 0.7772222222222223, 0.7762222222222221, 0.751, 0.7505555555555554, 0.7504444444444444, 0.7502222222222222, 0.7484444444444444, 0.7426666666666666, 0.7423333333333333, 0.7407777777777778, 0.7354444444444445, 0.7337777777777776, 0.7332222222222221, 0.7321111111111112, 0.7298888888888889, 0.7291111111111112, 0.7254444444444444, 0.7227777777777779, 0.7226666666666667, 0.7216666666666668, 0.7198888888888889, 0.7160000000000001, 0.713888888888889, 0.7032222222222223, 0.7022222222222223, 0.7012222222222222, 0.6983333333333334, 0.6932222222222222, 0.667], 
 "teamBAs": [0.2644444444444444, 0.25955555555555554, 0.2587777777777778, 0.2586666666666667, 0.25777777777777783, 0.255, 0.25455555555555553, 0.25455555555555553, 0.25400000000000006, 0.25333333333333335, 0.2518888888888889, 0.2516666666666667, 0.25166666666666665, 0.2512222222222223, 0.25100000000000006, 0.25022222222222223, 0.24855555555555556, 0.24844444444444447, 0.24733333333333332, 0.24611111111111114, 0.24455555555555555, 0.24422222222222226, 0.2426666666666667, 0.24211111111111108, 0.2416666666666667, 0.24055555555555555, 0.23933333333333337, 0.23822222222222222, 0.23544444444444446, 0.22633333333333333], 
 "teamOBPs": [0.33066666666666666, 0.33033333333333337, 0.33033333333333337, 0.3298888888888889, 0.32877777777777784, 0.32833333333333337, 0.32755555555555554, 0.3268888888888889, 0.3266666666666667, 0.32655555555555554, 0.3258888888888889, 0.32500000000000007, 0.3247777777777778, 0.3221111111111111, 0.32166666666666666, 0.32066666666666666, 0.3198888888888889, 0.31877777777777777, 0.3178888888888889, 0.3144444444444444, 0.31433333333333335, 0.3143333333333333, 0.3143333333333333, 0.31366666666666665, 0.31244444444444447, 0.3111111111111111, 0.30777777777777776, 0.3061111111111111, 0.3034444444444444, 0.30144444444444446]
 }