{ 
 "teamOPSs": [0.7888888888888889, 0.7849999999999999, 0.7774444444444444, 0.7687777777777778, 0.7684444444444444, 0.7646666666666668, 0.7605555555555555, 0.7585555555555555, 0.7567777777777777, 0.7550000000000001, 0.7512222222222223, 0.7441111111111112, 0.7428888888888889, 0.7398888888888888, 0.7363333333333333, 0.7353333333333334, 0.7250000000000001, 0.7215555555555555, 0.7212222222222222, 0.721, 0.7195555555555555, 0.7193333333333334, 0.7172222222222222, 0.7172222222222221, 0.7168888888888889, 0.715888888888889, 0.7122222222222222, 0.7007777777777778, 0.6945555555555556, 0.6852222222222223], 
 "teamBAs": [0.2674444444444444, 0.2625555555555556, 0.26233333333333336, 0.2606666666666666, 0.2587777777777778, 0.25677777777777777, 0.2565555555555556, 0.2554444444444444, 0.2553333333333333, 0.2551111111111111, 0.253, 0.25288888888888894, 0.25188888888888894, 0.25100000000000006, 0.25044444444444447, 0.2498888888888889, 0.2493333333333333, 0.24888888888888885, 0.24777777777777782, 0.24766666666666667, 0.24733333333333332, 0.2466666666666667, 0.24666666666666665, 0.24588888888888893, 0.24544444444444447, 0.24288888888888888, 0.24000000000000002, 0.23822222222222222, 0.23655555555555555, 0.22733333333333336], 
 "teamOBPs": [0.34255555555555556, 0.3388888888888889, 0.3358888888888889, 0.3335555555555556, 0.33266666666666667, 0.3312222222222222, 0.3304444444444445, 0.33022222222222225, 0.3296666666666667, 0.32833333333333337, 0.32788888888888895, 0.32722222222222225, 0.3254444444444444, 0.32466666666666666, 0.3245555555555556, 0.32255555555555554, 0.3224444444444444, 0.3214444444444445, 0.3211111111111111, 0.32033333333333336, 0.31799999999999995, 0.3167777777777777, 0.3164444444444445, 0.3146666666666667, 0.3135555555555556, 0.3111111111111111, 0.31066666666666665, 0.30944444444444447, 0.308, 0.30400000000000005]
 }