{ 
 "teamOPSs": [0.8002222222222222, 0.7915555555555556, 0.7855555555555556, 0.7783333333333333, 0.767, 0.7657777777777778, 0.7653333333333333, 0.7636666666666666, 0.7613333333333333, 0.7526666666666666, 0.7523333333333332, 0.7514444444444442, 0.7504444444444445, 0.7501111111111112, 0.7428888888888889, 0.7423333333333334, 0.7404444444444445, 0.74, 0.7398888888888889, 0.7392222222222222, 0.7385555555555556, 0.7355555555555555, 0.7343333333333333, 0.7285555555555555, 0.7272222222222222, 0.7147777777777777, 0.7122222222222221, 0.7040000000000001, 0.6950000000000001, 0.6791111111111112], 
 "teamBAs": [0.26633333333333337, 0.2627777777777778, 0.26155555555555554, 0.26133333333333336, 0.2595555555555556, 0.25955555555555554, 0.2581111111111111, 0.25777777777777783, 0.25666666666666665, 0.25477777777777777, 0.25355555555555553, 0.25355555555555553, 0.25300000000000006, 0.253, 0.25277777777777777, 0.25133333333333335, 0.251, 0.2498888888888889, 0.2495555555555556, 0.249, 0.249, 0.2484444444444444, 0.246, 0.24477777777777782, 0.24455555555555555, 0.24333333333333332, 0.2427777777777778, 0.2416666666666667, 0.23811111111111113, 0.23177777777777775], 
 "teamOBPs": [0.34299999999999997, 0.3406666666666667, 0.334, 0.3318888888888889, 0.3315555555555555, 0.3305555555555555, 0.33, 0.3298888888888889, 0.32911111111111113, 0.32866666666666666, 0.32855555555555555, 0.32844444444444443, 0.3283333333333333, 0.3267777777777778, 0.3254444444444444, 0.3252222222222222, 0.32422222222222224, 0.3238888888888889, 0.3226666666666666, 0.32166666666666666, 0.31922222222222224, 0.3187777777777778, 0.31866666666666665, 0.3154444444444444, 0.3141111111111111, 0.31322222222222224, 0.31277777777777777, 0.309, 0.3058888888888889, 0.30566666666666664]
 }