{ 
 "teamOPSs": [0.7683333333333332, 0.7674444444444444, 0.7664444444444444, 0.7561111111111112, 0.7561111111111112, 0.7552222222222222, 0.7508888888888889, 0.7505555555555554, 0.7495555555555556, 0.7467777777777777, 0.7448888888888888, 0.7426666666666667, 0.7423333333333333, 0.7381111111111109, 0.7316666666666667, 0.7285555555555556, 0.7267777777777777, 0.7261111111111113, 0.7234444444444446, 0.717222222222222, 0.7153333333333334, 0.7144444444444445, 0.7127777777777777, 0.7124444444444443, 0.7063333333333334, 0.700888888888889, 0.6976666666666667, 0.6947777777777778, 0.6881111111111111, 0.6805555555555557], 
 "teamBAs": [0.25877777777777783, 0.258, 0.257, 0.2568888888888889, 0.25655555555555554, 0.2558888888888889, 0.25566666666666665, 0.25277777777777777, 0.25266666666666665, 0.252, 0.25166666666666665, 0.25044444444444447, 0.2501111111111111, 0.2498888888888889, 0.24955555555555556, 0.2486666666666667, 0.24822222222222223, 0.24788888888888888, 0.24744444444444447, 0.24733333333333332, 0.2463333333333333, 0.246, 0.24333333333333332, 0.24233333333333335, 0.24233333333333335, 0.24144444444444446, 0.24033333333333332, 0.2386666666666667, 0.23300000000000004, 0.22966666666666669], 
 "teamOBPs": [0.33855555555555555, 0.33799999999999997, 0.3357777777777778, 0.33077777777777784, 0.3286666666666667, 0.32711111111111113, 0.3264444444444445, 0.32511111111111113, 0.3238888888888889, 0.3237777777777777, 0.32288888888888884, 0.32277777777777783, 0.3224444444444445, 0.3221111111111111, 0.32200000000000006, 0.31866666666666665, 0.3182222222222222, 0.3181111111111111, 0.31555555555555553, 0.31344444444444447, 0.31322222222222224, 0.31322222222222224, 0.3117777777777777, 0.31122222222222223, 0.31055555555555553, 0.30877777777777776, 0.30744444444444446, 0.30566666666666664, 0.30244444444444446, 0.29833333333333334]
 }