{ 
 "teamOPSs": [0.8022222222222223, 0.7955555555555556, 0.7945555555555556, 0.783, 0.7805555555555554, 0.769888888888889, 0.7696666666666668, 0.7656666666666667, 0.7643333333333334, 0.7589999999999999, 0.7583333333333333, 0.7562222222222221, 0.7498888888888889, 0.7433333333333334, 0.7407777777777778, 0.7401111111111112, 0.7378888888888889, 0.7355555555555556, 0.7346666666666667, 0.7276666666666666, 0.7252222222222222, 0.7236666666666667, 0.7226666666666667, 0.7184444444444444, 0.7153333333333333, 0.7148888888888889, 0.7125555555555557, 0.709111111111111, 0.7043333333333334, 0.6868888888888889], 
 "teamBAs": [0.2666666666666667, 0.26511111111111113, 0.2634444444444444, 0.2616666666666666, 0.2588888888888889, 0.2581111111111111, 0.2576666666666667, 0.25755555555555554, 0.255, 0.25466666666666665, 0.2543333333333333, 0.25422222222222224, 0.25355555555555553, 0.25277777777777777, 0.2518888888888889, 0.2518888888888889, 0.25122222222222224, 0.24944444444444447, 0.24922222222222226, 0.24899999999999997, 0.247, 0.2448888888888889, 0.24422222222222223, 0.24288888888888888, 0.24266666666666664, 0.2423333333333334, 0.2411111111111111, 0.241, 0.23833333333333334, 0.22766666666666666], 
 "teamOBPs": [0.34144444444444444, 0.3397777777777778, 0.33444444444444443, 0.33411111111111114, 0.3338888888888889, 0.33266666666666667, 0.3321111111111111, 0.33055555555555555, 0.3294444444444445, 0.3281111111111111, 0.3262222222222222, 0.3257777777777778, 0.32566666666666666, 0.32511111111111113, 0.32466666666666666, 0.3234444444444444, 0.32300000000000006, 0.32255555555555554, 0.32111111111111107, 0.3207777777777777, 0.32, 0.3188888888888889, 0.316, 0.3157777777777777, 0.315, 0.31277777777777777, 0.31211111111111106, 0.30744444444444446, 0.3058888888888889, 0.305]
 }