{ 
 "teamOPSs": [0.7981111111111112, 0.7912222222222223, 0.7848888888888889, 0.7719999999999999, 0.7702222222222223, 0.77, 0.7664444444444445, 0.7577777777777778, 0.7566666666666667, 0.7555555555555555, 0.7553333333333334, 0.7536666666666667, 0.75, 0.7456666666666667, 0.7431111111111112, 0.7430000000000001, 0.7417777777777778, 0.7382222222222222, 0.7377777777777779, 0.7360000000000001, 0.7226666666666666, 0.7213333333333335, 0.7142222222222223, 0.7127777777777777, 0.712, 0.7111111111111111, 0.7108888888888889, 0.7103333333333334, 0.705, 0.6926666666666665], 
 "teamBAs": [0.2645555555555556, 0.2626666666666667, 0.2606666666666666, 0.2594444444444444, 0.25833333333333336, 0.25622222222222224, 0.2552222222222223, 0.2548888888888889, 0.25477777777777777, 0.2544444444444445, 0.2536666666666667, 0.25344444444444447, 0.252, 0.25188888888888894, 0.25188888888888894, 0.2514444444444444, 0.2498888888888889, 0.2496666666666667, 0.2496666666666667, 0.24944444444444447, 0.2494444444444444, 0.24922222222222226, 0.24800000000000003, 0.24799999999999997, 0.24711111111111114, 0.2454444444444445, 0.24511111111111106, 0.24377777777777776, 0.23922222222222222, 0.23044444444444442], 
 "teamOBPs": [0.3436666666666667, 0.34122222222222226, 0.3398888888888889, 0.3353333333333333, 0.333, 0.3282222222222222, 0.3264444444444444, 0.32577777777777783, 0.32511111111111113, 0.3248888888888889, 0.32466666666666666, 0.32466666666666666, 0.32422222222222224, 0.32277777777777783, 0.3223333333333333, 0.3217777777777778, 0.3217777777777778, 0.3204444444444444, 0.31988888888888883, 0.31955555555555554, 0.3191111111111111, 0.31722222222222224, 0.3165555555555556, 0.316, 0.31455555555555553, 0.314, 0.31100000000000005, 0.3098888888888889, 0.30800000000000005, 0.3062222222222222]
 }