{ 
 "teamOPSs": [0.798888888888889, 0.7983333333333335, 0.7886666666666667, 0.7823333333333333, 0.7807777777777778, 0.7723333333333333, 0.771, 0.7608888888888887, 0.7554444444444446, 0.7553333333333333, 0.7521111111111111, 0.7486666666666666, 0.7464444444444445, 0.7463333333333333, 0.7447777777777778, 0.7446666666666667, 0.7437777777777776, 0.7353333333333332, 0.7306666666666666, 0.7266666666666667, 0.7264444444444443, 0.7248888888888888, 0.7247777777777779, 0.7172222222222222, 0.7170000000000001, 0.716, 0.7065555555555556, 0.7058888888888889, 0.7023333333333334, 0.6794444444444445], 
 "teamBAs": [0.2672222222222222, 0.2625555555555556, 0.2624444444444445, 0.26222222222222225, 0.2587777777777778, 0.2583333333333333, 0.258, 0.25655555555555554, 0.2558888888888889, 0.2551111111111111, 0.25511111111111107, 0.255, 0.2546666666666667, 0.25455555555555553, 0.2542222222222222, 0.2536666666666667, 0.25322222222222224, 0.25055555555555553, 0.2498888888888889, 0.24933333333333335, 0.24855555555555556, 0.24722222222222223, 0.24433333333333332, 0.2441111111111111, 0.24333333333333332, 0.2422222222222222, 0.24122222222222225, 0.2411111111111111, 0.2397777777777778, 0.2273333333333333], 
 "teamOBPs": [0.34177777777777774, 0.3392222222222222, 0.33544444444444443, 0.3348888888888889, 0.33266666666666667, 0.3318888888888889, 0.33188888888888884, 0.3317777777777777, 0.3312222222222222, 0.32955555555555555, 0.328, 0.3262222222222223, 0.32544444444444437, 0.32511111111111113, 0.3247777777777778, 0.3247777777777777, 0.32422222222222224, 0.3238888888888889, 0.32155555555555554, 0.3214444444444445, 0.3212222222222222, 0.3211111111111111, 0.31555555555555553, 0.3154444444444444, 0.313, 0.31277777777777777, 0.3117777777777777, 0.30533333333333323, 0.3047777777777777, 0.2991111111111111]
 }