{ 
 "teamOPSs": [0.7974444444444444, 0.7969999999999999, 0.7807777777777777, 0.7741111111111112, 0.7737777777777777, 0.7676666666666665, 0.7675555555555555, 0.7556666666666667, 0.7519999999999999, 0.7505555555555555, 0.7485555555555555, 0.7466666666666666, 0.7448888888888889, 0.7418888888888888, 0.7417777777777778, 0.7414444444444442, 0.738, 0.7362222222222221, 0.734, 0.7301111111111112, 0.7244444444444444, 0.7241111111111111, 0.7226666666666666, 0.7224444444444446, 0.7202222222222221, 0.7195555555555555, 0.7157777777777778, 0.7154444444444444, 0.7043333333333334, 0.6789999999999999], 
 "teamBAs": [0.26433333333333336, 0.26422222222222225, 0.26166666666666666, 0.26066666666666666, 0.2601111111111111, 0.25966666666666666, 0.2571111111111111, 0.2571111111111111, 0.25699999999999995, 0.2561111111111111, 0.2541111111111111, 0.2527777777777778, 0.25266666666666665, 0.2524444444444444, 0.2511111111111111, 0.25055555555555553, 0.25, 0.24955555555555556, 0.24733333333333338, 0.24711111111111114, 0.24466666666666667, 0.24411111111111117, 0.24333333333333332, 0.2433333333333333, 0.24300000000000002, 0.24222222222222223, 0.2418888888888889, 0.2418888888888889, 0.238, 0.2327777777777778], 
 "teamOBPs": [0.34144444444444444, 0.3378888888888889, 0.3362222222222222, 0.334, 0.3327777777777778, 0.3316666666666667, 0.33066666666666666, 0.3303333333333333, 0.3293333333333333, 0.3273333333333333, 0.3264444444444444, 0.3263333333333333, 0.32522222222222225, 0.3245555555555556, 0.3236666666666667, 0.32355555555555554, 0.3234444444444445, 0.3231111111111111, 0.32299999999999995, 0.3208888888888889, 0.32055555555555554, 0.3181111111111111, 0.316, 0.3143333333333333, 0.312, 0.31177777777777776, 0.31166666666666665, 0.31077777777777776, 0.30822222222222223, 0.30000000000000004]
 }