{ 
 "teamOPSs": [0.7757777777777778, 0.7717777777777779, 0.7664444444444445, 0.7642222222222222, 0.7571111111111111, 0.7515555555555555, 0.7504444444444444, 0.7502222222222221, 0.7454444444444445, 0.7417777777777776, 0.7412222222222221, 0.7381111111111109, 0.7367777777777778, 0.7365555555555556, 0.7365555555555556, 0.7362222222222222, 0.7342222222222222, 0.7333333333333334, 0.732, 0.7307777777777776, 0.7254444444444443, 0.7253333333333334, 0.7213333333333334, 0.7173333333333334, 0.7107777777777777, 0.7063333333333334, 0.7043333333333334, 0.6975555555555556, 0.6872222222222222, 0.6772222222222223], 
 "teamBAs": [0.2644444444444444, 0.2587777777777778, 0.25833333333333336, 0.2575555555555556, 0.25622222222222224, 0.2552222222222223, 0.25500000000000006, 0.2544444444444445, 0.2538888888888889, 0.2538888888888889, 0.25355555555555553, 0.2533333333333333, 0.252, 0.25188888888888894, 0.25188888888888883, 0.25111111111111106, 0.25, 0.2496666666666667, 0.24966666666666665, 0.24911111111111112, 0.24822222222222223, 0.24722222222222223, 0.24611111111111114, 0.2427777777777778, 0.24255555555555552, 0.24177777777777779, 0.23944444444444446, 0.2384444444444445, 0.23811111111111108, 0.22855555555555554], 
 "teamOBPs": [0.33166666666666667, 0.329, 0.32888888888888895, 0.32866666666666666, 0.32711111111111113, 0.32655555555555554, 0.3259999999999999, 0.3258888888888889, 0.32466666666666666, 0.3245555555555556, 0.32433333333333336, 0.32388888888888895, 0.3237777777777778, 0.3231111111111111, 0.3227777777777778, 0.3222222222222222, 0.32211111111111107, 0.3218888888888889, 0.31977777777777777, 0.3178888888888889, 0.3167777777777777, 0.3155555555555555, 0.31422222222222224, 0.3141111111111111, 0.3135555555555556, 0.3124444444444444, 0.30877777777777776, 0.30877777777777776, 0.3051111111111111, 0.299]
 }