{ 
 "teamOPSs": [0.81, 0.7958888888888888, 0.7865555555555555, 0.7763333333333333, 0.7682222222222221, 0.767, 0.7645555555555555, 0.7632222222222221, 0.7608888888888888, 0.7596666666666666, 0.7557777777777777, 0.7531111111111112, 0.7488888888888888, 0.7472222222222223, 0.7466666666666666, 0.7441111111111112, 0.7441111111111111, 0.7440000000000001, 0.7435555555555555, 0.7433333333333333, 0.738111111111111, 0.7372222222222222, 0.7352222222222222, 0.7303333333333334, 0.7235555555555555, 0.7204444444444444, 0.7158888888888889, 0.7132222222222223, 0.7093333333333334, 0.6854444444444445], 
 "teamBAs": [0.2653333333333333, 0.2647777777777778, 0.2616666666666667, 0.261, 0.2595555555555556, 0.259, 0.25833333333333336, 0.25777777777777783, 0.25633333333333336, 0.2558888888888889, 0.25555555555555554, 0.2554444444444444, 0.25533333333333336, 0.2541111111111111, 0.2538888888888889, 0.2533333333333333, 0.2522222222222222, 0.2515555555555556, 0.2506666666666667, 0.25044444444444447, 0.25033333333333335, 0.24866666666666662, 0.24700000000000003, 0.2458888888888889, 0.2448888888888889, 0.24366666666666667, 0.24166666666666664, 0.23944444444444446, 0.2386666666666667, 0.23077777777777783], 
 "teamOBPs": [0.3417777777777778, 0.3405555555555556, 0.3393333333333334, 0.3368888888888889, 0.33422222222222225, 0.3332222222222222, 0.3328888888888889, 0.32899999999999996, 0.3288888888888889, 0.3278888888888889, 0.3277777777777777, 0.3276666666666667, 0.3255555555555556, 0.3253333333333333, 0.32511111111111113, 0.32455555555555554, 0.3237777777777778, 0.3228888888888889, 0.3217777777777778, 0.32111111111111107, 0.321, 0.3202222222222222, 0.3195555555555555, 0.31777777777777777, 0.3145555555555555, 0.3137777777777778, 0.31377777777777777, 0.30811111111111106, 0.3065555555555555, 0.30511111111111117]
 }