{ 
 "teamOPSs": [0.8007777777777778, 0.7882222222222223, 0.7874444444444445, 0.774888888888889, 0.7686666666666667, 0.7666666666666668, 0.7621111111111112, 0.7591111111111111, 0.7523333333333333, 0.751, 0.7505555555555555, 0.7495555555555555, 0.7494444444444445, 0.7492222222222222, 0.7453333333333333, 0.7442222222222221, 0.7433333333333334, 0.7417777777777778, 0.7377777777777779, 0.7345555555555556, 0.7326666666666667, 0.7309999999999999, 0.7294444444444445, 0.7212222222222222, 0.7085555555555556, 0.7043333333333334, 0.7043333333333334, 0.7042222222222221, 0.682, 0.6737777777777777], 
 "teamBAs": [0.2643333333333333, 0.26166666666666666, 0.2613333333333333, 0.261, 0.2601111111111111, 0.2601111111111111, 0.26, 0.25588888888888894, 0.25577777777777777, 0.25488888888888894, 0.2536666666666667, 0.25322222222222224, 0.25266666666666665, 0.2525555555555556, 0.25133333333333335, 0.251, 0.249, 0.24877777777777776, 0.24811111111111112, 0.24711111111111114, 0.24677777777777773, 0.24633333333333335, 0.24544444444444447, 0.2453333333333333, 0.2416666666666667, 0.241, 0.24077777777777787, 0.23877777777777778, 0.23600000000000002, 0.22633333333333333], 
 "teamOBPs": [0.3424444444444445, 0.3358888888888889, 0.3337777777777778, 0.3335555555555556, 0.33233333333333337, 0.3312222222222222, 0.3304444444444445, 0.3287777777777778, 0.32844444444444443, 0.32755555555555554, 0.3262222222222222, 0.32611111111111113, 0.3258888888888889, 0.32566666666666666, 0.325, 0.32499999999999996, 0.3245555555555556, 0.3232222222222222, 0.32166666666666666, 0.3204444444444444, 0.3202222222222222, 0.31966666666666665, 0.3187777777777778, 0.3154444444444444, 0.31433333333333335, 0.31244444444444447, 0.31177777777777776, 0.3105555555555555, 0.3032222222222222, 0.29866666666666664]
 }