{ 
 "teamOPSs": [0.8102222222222221, 0.8023333333333335, 0.7893333333333334, 0.7794444444444444, 0.7701111111111111, 0.766888888888889, 0.7667777777777778, 0.7663333333333333, 0.7641111111111111, 0.7630000000000001, 0.757888888888889, 0.7564444444444444, 0.7518888888888889, 0.7501111111111113, 0.7493333333333334, 0.7484444444444444, 0.7452222222222222, 0.7428888888888888, 0.7426666666666667, 0.7357777777777778, 0.7342222222222221, 0.7288888888888888, 0.7243333333333334, 0.7217777777777777, 0.7200000000000001, 0.7188888888888889, 0.7129999999999999, 0.7046666666666668, 0.7045555555555555, 0.6816666666666666], 
 "teamBAs": [0.2647777777777778, 0.26466666666666666, 0.2635555555555556, 0.26333333333333336, 0.2601111111111111, 0.2595555555555556, 0.259, 0.25755555555555554, 0.257, 0.256, 0.2558888888888889, 0.2554444444444444, 0.25477777777777777, 0.25422222222222224, 0.25422222222222224, 0.2536666666666667, 0.2527777777777778, 0.2521111111111111, 0.252, 0.2511, 0.25022222222222223, 0.2496666666666667, 0.247, 0.24644444444444444, 0.24633333333333335, 0.24533333333333335, 0.24522222222222226, 0.23922222222222217, 0.2328888888888889, 0.232], 
 "teamOBPs": [0.3423333333333333, 0.34099999999999997, 0.33744444444444444, 0.33655555555555555, 0.3344444444444445, 0.334, 0.3338888888888889, 0.33344444444444443, 0.33077777777777784, 0.32944444444444443, 0.3294444444444444, 0.32755555555555554, 0.32633333333333336, 0.3253333333333333, 0.3245, 0.3241111111111111, 0.3223333333333333, 0.32222222222222224, 0.32166666666666666, 0.32122222222222224, 0.321, 0.3188888888888889, 0.3186666666666667, 0.3167777777777778, 0.3158888888888889, 0.3118888888888889, 0.3106666666666667, 0.3071111111111111, 0.3068888888888889, 0.30533333333333335]
 }