{ 
 "teamOPSs": [0.8001111111111112, 0.798888888888889, 0.7824444444444444, 0.7742222222222223, 0.772, 0.7717777777777779, 0.7680000000000001, 0.7634444444444444, 0.7577777777777778, 0.7557777777777779, 0.7526666666666666, 0.7476666666666666, 0.7467777777777778, 0.7466666666666666, 0.7463333333333334, 0.7462222222222221, 0.7455555555555555, 0.7415555555555556, 0.741, 0.7407777777777776, 0.7385555555555556, 0.7316666666666667, 0.7297777777777777, 0.7201111111111111, 0.7196666666666666, 0.7156666666666668, 0.714888888888889, 0.7135555555555555, 0.703, 0.6854444444444445], 
 "teamBAs": [0.26611111111111113, 0.2647777777777778, 0.26411111111111113, 0.2626666666666667, 0.2611111111111111, 0.2601111111111111, 0.2556666666666667, 0.2555555555555556, 0.255, 0.25477777777777777, 0.2546666666666667, 0.2542222222222222, 0.2541111111111111, 0.25399999999999995, 0.25333333333333335, 0.2528888888888889, 0.2527777777777777, 0.25222222222222224, 0.2508888888888889, 0.24955555555555556, 0.24911111111111117, 0.24822222222222223, 0.24644444444444438, 0.245, 0.245, 0.2407777777777778, 0.24055555555555555, 0.23933333333333337, 0.23633333333333337, 0.22722222222222221], 
 "teamOBPs": [0.3416666666666666, 0.3383333333333333, 0.33666666666666667, 0.3355555555555556, 0.33488888888888885, 0.3338888888888889, 0.331, 0.33033333333333326, 0.32922222222222225, 0.32833333333333337, 0.3281111111111111, 0.3273333333333333, 0.32577777777777783, 0.32522222222222225, 0.32433333333333336, 0.3233333333333333, 0.32311111111111107, 0.323, 0.32266666666666666, 0.3195555555555556, 0.3182222222222222, 0.31566666666666665, 0.31544444444444447, 0.3154444444444444, 0.3141111111111112, 0.31344444444444447, 0.3118888888888889, 0.3116666666666667, 0.3066666666666667, 0.30566666666666664]
 }