{ 
 "teamOPSs": [0.800888888888889, 0.7964444444444445, 0.7734444444444445, 0.7706666666666666, 0.7703333333333333, 0.7685555555555555, 0.7665555555555555, 0.7637777777777778, 0.7547777777777778, 0.7544444444444445, 0.754, 0.7518888888888888, 0.7486666666666667, 0.7463333333333334, 0.7447777777777778, 0.7416666666666667, 0.7403333333333333, 0.7393333333333333, 0.735, 0.733111111111111, 0.7322222222222221, 0.7306666666666666, 0.7293333333333334, 0.7177777777777777, 0.7174444444444444, 0.7147777777777775, 0.7101111111111111, 0.7071111111111111, 0.6872222222222223, 0.6854444444444444], 
 "teamBAs": [0.2637777777777778, 0.2623333333333333, 0.26177777777777783, 0.261, 0.26022222222222224, 0.2587777777777778, 0.25833333333333336, 0.257, 0.25533333333333336, 0.25433333333333336, 0.2536666666666666, 0.25188888888888894, 0.2515555555555556, 0.2514444444444444, 0.2508888888888889, 0.25077777777777777, 0.25044444444444447, 0.2502222222222222, 0.24877777777777776, 0.24844444444444447, 0.24811111111111112, 0.24811111111111112, 0.24666666666666673, 0.2448888888888889, 0.24466666666666667, 0.24333333333333337, 0.24222222222222223, 0.2408888888888889, 0.2406666666666667, 0.2327777777777778], 
 "teamOBPs": [0.3393333333333333, 0.3393333333333333, 0.33244444444444443, 0.3312222222222222, 0.3304444444444445, 0.3298888888888889, 0.3295555555555556, 0.32933333333333337, 0.3293333333333333, 0.3284444444444444, 0.32755555555555554, 0.3263333333333333, 0.3248888888888889, 0.3238888888888889, 0.32333333333333336, 0.3217777777777778, 0.32, 0.3192222222222222, 0.31822222222222224, 0.3181111111111112, 0.3173333333333333, 0.3164444444444444, 0.31577777777777777, 0.31444444444444447, 0.31177777777777776, 0.31133333333333335, 0.31022222222222223, 0.309, 0.30433333333333334, 0.30133333333333334]
 }