{ 
 "teamOPSs": [0.7802222222222223, 0.7717777777777778, 0.7698888888888891, 0.7652222222222222, 0.7625555555555555, 0.7512222222222221, 0.751, 0.7469999999999999, 0.7465555555555556, 0.745, 0.7431111111111111, 0.741111111111111, 0.7408888888888889, 0.7405555555555554, 0.7383333333333334, 0.7374444444444445, 0.7365555555555556, 0.7362222222222222, 0.7325555555555555, 0.7282222222222222, 0.7277777777777777, 0.7272222222222222, 0.7205555555555556, 0.7182222222222223, 0.7107777777777777, 0.7048888888888889, 0.7032222222222223, 0.700888888888889, 0.6925555555555555, 0.663888888888889], 
 "teamBAs": [0.2662222222222222, 0.2596666666666667, 0.25933333333333336, 0.2586666666666666, 0.2581111111111111, 0.2578888888888889, 0.2564444444444444, 0.25522222222222224, 0.255, 0.2544444444444445, 0.2544444444444445, 0.25388888888888883, 0.252, 0.2516666666666667, 0.25144444444444447, 0.25122222222222224, 0.25088888888888894, 0.25077777777777777, 0.25077777777777777, 0.24799999999999997, 0.24733333333333332, 0.24444444444444446, 0.2444444444444444, 0.2441111111111111, 0.24255555555555552, 0.2408888888888889, 0.24033333333333332, 0.23877777777777778, 0.2368888888888889, 0.2255555555555556], 
 "teamOBPs": [0.3393333333333334, 0.3368888888888889, 0.3333333333333333, 0.33111111111111113, 0.32877777777777784, 0.3276666666666667, 0.32711111111111113, 0.3262222222222222, 0.3262222222222222, 0.32611111111111113, 0.32577777777777783, 0.3244444444444444, 0.32433333333333336, 0.3238888888888889, 0.3237777777777777, 0.3227777777777778, 0.3224444444444445, 0.3223333333333333, 0.31888888888888894, 0.31855555555555554, 0.3185555555555555, 0.31833333333333336, 0.3178888888888889, 0.31466666666666665, 0.3135555555555556, 0.3121111111111111, 0.3034444444444444, 0.30244444444444446, 0.3013333333333333, 0.2995555555555555]
 }