{ 
 "teamOPSs": [0.7909999999999999, 0.7752222222222223, 0.7741111111111111, 0.7739999999999999, 0.7705555555555557, 0.7684444444444445, 0.7650000000000001, 0.7613333333333334, 0.7606666666666667, 0.7589999999999999, 0.7585555555555555, 0.756, 0.7506666666666667, 0.7447777777777778, 0.7437777777777778, 0.7377777777777778, 0.7375555555555556, 0.7359999999999999, 0.7356666666666666, 0.7335555555555556, 0.7335555555555555, 0.7285555555555556, 0.7207777777777777, 0.7177777777777778, 0.7175555555555555, 0.7124444444444444, 0.7115555555555555, 0.6993333333333333, 0.6934444444444444, 0.6795555555555555], 
 "teamBAs": [0.2654444444444444, 0.26533333333333337, 0.2646666666666667, 0.2621111111111112, 0.2594444444444444, 0.25766666666666665, 0.25755555555555554, 0.2574444444444445, 0.25722222222222224, 0.2564444444444445, 0.25622222222222224, 0.255, 0.25177777777777777, 0.25133333333333335, 0.25111111111111106, 0.25077777777777777, 0.2501111111111111, 0.25, 0.24999999999999994, 0.24988888888888885, 0.249, 0.2488888888888889, 0.24655555555555553, 0.24622222222222223, 0.24377777777777776, 0.24211111111111108, 0.24166666666666664, 0.23955555555555558, 0.23488888888888887, 0.232], 
 "teamOBPs": [0.34400000000000003, 0.3375555555555556, 0.33377777777777784, 0.3332222222222222, 0.33311111111111114, 0.333, 0.33266666666666667, 0.3302222222222222, 0.3298888888888889, 0.32866666666666666, 0.327, 0.32655555555555554, 0.32400000000000007, 0.3236666666666667, 0.32355555555555554, 0.3228888888888889, 0.3195555555555556, 0.3187777777777777, 0.31855555555555554, 0.3184444444444445, 0.3182222222222222, 0.31577777777777777, 0.31522222222222224, 0.315, 0.31466666666666665, 0.31266666666666665, 0.30899999999999994, 0.30844444444444447, 0.3061111111111111, 0.29788888888888887]
 }