{ 
 "teamOPSs": [0.7976666666666667, 0.7953333333333332, 0.7762222222222223, 0.7732222222222221, 0.7692222222222223, 0.7661111111111113, 0.7625555555555555, 0.7591111111111111, 0.7576666666666667, 0.7575555555555556, 0.7575555555555555, 0.7551111111111111, 0.7532222222222222, 0.751, 0.7465555555555555, 0.7463333333333333, 0.7396666666666667, 0.7391111111111112, 0.738, 0.7358888888888889, 0.7326666666666668, 0.7293333333333334, 0.7252222222222223, 0.7248888888888888, 0.7234444444444443, 0.7195555555555555, 0.7186666666666667, 0.7112222222222221, 0.6984444444444444, 0.689111111111111], 
 "teamBAs": [0.2644444444444444, 0.2624444444444445, 0.26211111111111113, 0.26155555555555554, 0.26066666666666666, 0.25933333333333336, 0.25722222222222224, 0.2567777777777778, 0.25666666666666665, 0.25622222222222224, 0.256, 0.2542222222222222, 0.25322222222222224, 0.25266666666666665, 0.2523333333333333, 0.2521111111111111, 0.25177777777777777, 0.25100000000000006, 0.251, 0.25033333333333324, 0.25, 0.24999999999999994, 0.2496666666666667, 0.24922222222222226, 0.24911111111111117, 0.24388888888888888, 0.2412222222222222, 0.2376666666666667, 0.23299999999999998, 0.23244444444444445], 
 "teamOBPs": [0.3416666666666667, 0.33544444444444443, 0.33344444444444443, 0.33188888888888884, 0.3317777777777778, 0.3307777777777778, 0.33011111111111113, 0.33, 0.3298888888888889, 0.32966666666666666, 0.3293333333333333, 0.32899999999999996, 0.3284444444444445, 0.328, 0.3267777777777778, 0.32488888888888895, 0.3244444444444445, 0.324, 0.3234444444444445, 0.32166666666666666, 0.3207777777777778, 0.32066666666666666, 0.3191111111111111, 0.31855555555555554, 0.31722222222222224, 0.3122222222222223, 0.3116666666666667, 0.3096666666666667, 0.30877777777777776, 0.3056666666666667]
 }