{ 
 "teamOPSs": [0.783111111111111, 0.7687777777777777, 0.7636666666666667, 0.7632222222222222, 0.7594444444444445, 0.751, 0.7478888888888888, 0.7464444444444445, 0.7463333333333334, 0.7452222222222223, 0.7422222222222222, 0.7422222222222222, 0.7343333333333333, 0.7321111111111112, 0.7308888888888889, 0.7284444444444444, 0.7282222222222221, 0.7271111111111109, 0.7268888888888889, 0.7254444444444444, 0.7228888888888889, 0.7180000000000002, 0.7173333333333334, 0.7103333333333334, 0.7032222222222223, 0.700888888888889, 0.7007777777777777, 0.7, 0.6876666666666669, 0.6697777777777777], 
 "teamBAs": [0.26355555555555554, 0.26022222222222224, 0.2594444444444445, 0.2581111111111111, 0.2561111111111112, 0.2561111111111111, 0.256, 0.25500000000000006, 0.255, 0.25488888888888894, 0.2535555555555556, 0.25233333333333335, 0.25177777777777777, 0.25177777777777777, 0.2493333333333333, 0.2488888888888889, 0.24833333333333338, 0.24788888888888894, 0.24733333333333332, 0.2462222222222222, 0.246, 0.2457777777777778, 0.2456666666666667, 0.2451111111111111, 0.24477777777777782, 0.2418888888888889, 0.24033333333333337, 0.23755555555555555, 0.23622222222222222, 0.22555555555555554], 
 "teamOBPs": [0.3345555555555555, 0.3333333333333333, 0.332, 0.32999999999999996, 0.32911111111111113, 0.32877777777777784, 0.3261111111111111, 0.32566666666666666, 0.32533333333333336, 0.3238888888888889, 0.323, 0.32288888888888884, 0.3222222222222222, 0.32122222222222224, 0.3205555555555556, 0.32, 0.31977777777777777, 0.31955555555555554, 0.31888888888888883, 0.3171111111111112, 0.31711111111111107, 0.3162222222222222, 0.3158888888888889, 0.31366666666666665, 0.3133333333333333, 0.30644444444444446, 0.30366666666666664, 0.3034444444444444, 0.30244444444444446, 0.30066666666666664]
 }