{ 
 "teamOPSs": [0.8106666666666666, 0.7882222222222223, 0.786, 0.7847777777777778, 0.7672222222222224, 0.7633333333333333, 0.7612222222222224, 0.7594444444444445, 0.7592222222222221, 0.7567777777777778, 0.7558888888888888, 0.7505555555555555, 0.7462222222222222, 0.7462222222222222, 0.7412222222222222, 0.7364444444444445, 0.7273333333333333, 0.727, 0.7253333333333334, 0.7233333333333334, 0.7198888888888888, 0.7187777777777777, 0.7186666666666667, 0.7178888888888889, 0.7155555555555555, 0.7134444444444443, 0.7083333333333334, 0.7045555555555555, 0.6972222222222223, 0.6847777777777778], 
 "teamBAs": [0.267, 0.2661111111111112, 0.2623333333333333, 0.2602222222222222, 0.26, 0.2588888888888889, 0.2584444444444445, 0.25766666666666665, 0.25755555555555554, 0.2548888888888889, 0.2518888888888889, 0.25044444444444447, 0.2501111111111111, 0.2495555555555556, 0.2493333333333333, 0.2492222222222222, 0.24866666666666667, 0.24822222222222226, 0.24788888888888888, 0.24788888888888888, 0.24755555555555558, 0.2466666666666667, 0.24611111111111109, 0.2458888888888889, 0.2451111111111111, 0.24455555555555555, 0.24177777777777779, 0.24077777777777776, 0.2378888888888889, 0.22977777777777778], 
 "teamOBPs": [0.346, 0.33566666666666667, 0.3333333333333333, 0.33311111111111114, 0.3317777777777777, 0.3305555555555556, 0.3305555555555555, 0.32877777777777784, 0.32822222222222225, 0.32811111111111113, 0.32611111111111113, 0.32599999999999996, 0.3255555555555556, 0.32511111111111113, 0.3247777777777777, 0.32433333333333336, 0.3237777777777778, 0.3231111111111111, 0.32288888888888895, 0.32022222222222224, 0.32, 0.31866666666666665, 0.3141111111111111, 0.3116666666666667, 0.3116666666666667, 0.3114444444444444, 0.3113333333333333, 0.30733333333333335, 0.3071111111111111, 0.3065555555555555]
 }