{ 
 "teamOPSs": [0.7976666666666666, 0.7938888888888889, 0.7909999999999999, 0.7882222222222223, 0.7707777777777778, 0.7681111111111112, 0.764888888888889, 0.7633333333333332, 0.7604444444444445, 0.7561111111111111, 0.7552222222222222, 0.755, 0.7547777777777777, 0.7473333333333333, 0.7471111111111112, 0.7434444444444445, 0.7429999999999999, 0.7419999999999999, 0.7392222222222222, 0.7330000000000001, 0.7252222222222222, 0.7243333333333335, 0.7233333333333333, 0.7225555555555556, 0.7203333333333334, 0.7200000000000001, 0.7183333333333333, 0.7090000000000001, 0.6966666666666668, 0.6796666666666666], 
 "teamBAs": [0.26722222222222225, 0.2646666666666667, 0.26155555555555554, 0.2608888888888889, 0.2597777777777778, 0.25955555555555554, 0.2593333333333334, 0.2585555555555556, 0.25766666666666665, 0.25699999999999995, 0.2561111111111111, 0.2552222222222222, 0.25500000000000006, 0.25500000000000006, 0.25399999999999995, 0.25144444444444447, 0.2513333333333334, 0.25100000000000006, 0.25022222222222223, 0.2498888888888889, 0.24944444444444447, 0.24900000000000005, 0.24822222222222223, 0.24544444444444447, 0.24477777777777776, 0.24433333333333337, 0.24344444444444444, 0.24211111111111114, 0.23911111111111114, 0.2313333333333333], 
 "teamOBPs": [0.34455555555555556, 0.3427777777777778, 0.3401111111111111, 0.33111111111111113, 0.3308888888888889, 0.33088888888888884, 0.3298888888888889, 0.3287777777777778, 0.3283333333333333, 0.3281111111111111, 0.3274444444444445, 0.32733333333333337, 0.3268888888888889, 0.3268888888888889, 0.32666666666666666, 0.32355555555555554, 0.3231111111111111, 0.3227777777777778, 0.3225555555555556, 0.32255555555555554, 0.3218888888888889, 0.32155555555555554, 0.3191111111111111, 0.3152222222222222, 0.3128888888888889, 0.312, 0.31066666666666665, 0.31, 0.30788888888888893, 0.3057777777777778]
 }