{ 
 "teamOPSs": [0.806888888888889, 0.7942222222222223, 0.786111111111111, 0.7766666666666666, 0.7724444444444445, 0.7721111111111111, 0.7656666666666666, 0.7639999999999998, 0.7625555555555555, 0.7600000000000001, 0.7584444444444445, 0.7537777777777779, 0.7537777777777778, 0.7505555555555555, 0.749, 0.7442222222222223, 0.7442222222222221, 0.7442222222222221, 0.7437777777777778, 0.7427777777777779, 0.7378888888888889, 0.7343333333333333, 0.7293333333333333, 0.729, 0.7210000000000001, 0.7154444444444443, 0.7123333333333334, 0.7118888888888889, 0.6960000000000001, 0.6621111111111111], 
 "teamBAs": [0.2654444444444445, 0.2648888888888889, 0.26288888888888884, 0.2623333333333334, 0.2617777777777778, 0.26033333333333336, 0.26, 0.2586666666666667, 0.258, 0.2548888888888889, 0.25477777777777777, 0.2546666666666667, 0.25400000000000006, 0.25355555555555553, 0.25277777777777777, 0.2524444444444444, 0.25200000000000006, 0.25122222222222224, 0.2501111111111111, 0.2486666666666667, 0.24799999999999997, 0.24711111111111114, 0.2466666666666667, 0.246, 0.2458888888888889, 0.24533333333333335, 0.24155555555555555, 0.2406666666666667, 0.2375555555555556, 0.22722222222222221], 
 "teamOBPs": [0.34077777777777774, 0.33955555555555555, 0.33866666666666667, 0.33588888888888885, 0.33444444444444443, 0.33377777777777773, 0.3328888888888889, 0.33166666666666667, 0.3302222222222222, 0.3297777777777778, 0.3294444444444445, 0.3264444444444444, 0.32633333333333336, 0.32622222222222225, 0.325, 0.3243333333333333, 0.324, 0.32333333333333336, 0.3225555555555555, 0.3224444444444445, 0.3222222222222222, 0.321, 0.32033333333333336, 0.31633333333333336, 0.3144444444444445, 0.31266666666666665, 0.3101111111111111, 0.30611111111111117, 0.30433333333333334, 0.2994444444444444]
 }