{ 
 "teamOPSs": [0.8012222222222223, 0.7962222222222223, 0.7746666666666667, 0.7741111111111112, 0.7727777777777778, 0.7713333333333333, 0.7636666666666666, 0.7614444444444444, 0.7611111111111112, 0.7572222222222221, 0.7563333333333333, 0.7518888888888889, 0.7434444444444445, 0.7372222222222223, 0.7365555555555556, 0.7363333333333334, 0.7348888888888888, 0.7337777777777776, 0.7327777777777779, 0.7325555555555555, 0.7303333333333334, 0.725111111111111, 0.721888888888889, 0.7198888888888889, 0.7184444444444444, 0.7132222222222221, 0.7073333333333333, 0.6925555555555556, 0.6917777777777778, 0.6894444444444443], 
 "teamBAs": [0.2614444444444445, 0.26077777777777783, 0.26022222222222224, 0.26, 0.259, 0.2587777777777778, 0.2567777777777777, 0.2565555555555556, 0.25555555555555554, 0.25477777777777777, 0.25466666666666665, 0.253, 0.2527777777777777, 0.25122222222222224, 0.2508888888888889, 0.2507777777777778, 0.2506666666666667, 0.25044444444444447, 0.2497777777777778, 0.24911111111111112, 0.24811111111111112, 0.24788888888888888, 0.2466666666666667, 0.24622222222222223, 0.246, 0.24377777777777776, 0.23877777777777778, 0.23822222222222222, 0.23388888888888892, 0.22788888888888892], 
 "teamOBPs": [0.3443333333333334, 0.3422222222222222, 0.3396666666666667, 0.3352222222222222, 0.3328888888888889, 0.33233333333333337, 0.33144444444444443, 0.33099999999999996, 0.33066666666666666, 0.3285555555555556, 0.3267777777777778, 0.3262222222222222, 0.32488888888888895, 0.32433333333333336, 0.32411111111111107, 0.32366666666666666, 0.3232222222222222, 0.32300000000000006, 0.32211111111111107, 0.3205555555555556, 0.3204444444444444, 0.31555555555555553, 0.31544444444444447, 0.31533333333333335, 0.3146666666666667, 0.31322222222222224, 0.3112222222222222, 0.30966666666666665, 0.3065555555555556, 0.30466666666666664]
 }