{ 
 "teamOPSs": [0.8018888888888888, 0.7978888888888889, 0.7886666666666665, 0.7801111111111112, 0.7727777777777778, 0.7687777777777778, 0.7676666666666667, 0.7664444444444444, 0.7572222222222221, 0.7562222222222222, 0.7557777777777778, 0.7536666666666667, 0.7495555555555556, 0.7474444444444445, 0.7411111111111112, 0.7407777777777778, 0.7387777777777778, 0.7371111111111112, 0.7354444444444445, 0.7315555555555555, 0.7302222222222223, 0.7264444444444444, 0.7264444444444444, 0.7183333333333333, 0.7151111111111113, 0.7148888888888887, 0.713, 0.7062222222222222, 0.7036666666666664, 0.6803333333333333], 
 "teamBAs": [0.2634444444444445, 0.26266666666666666, 0.26155555555555554, 0.25922222222222224, 0.2587777777777778, 0.25666666666666665, 0.2544444444444445, 0.2541111111111112, 0.254, 0.25366666666666665, 0.2525555555555556, 0.2518888888888889, 0.25155555555555553, 0.25133333333333335, 0.25100000000000006, 0.251, 0.25066666666666665, 0.25055555555555553, 0.2502222222222222, 0.24944444444444447, 0.2492222222222222, 0.24822222222222223, 0.24722222222222223, 0.2466666666666667, 0.2466666666666667, 0.24566666666666664, 0.24400000000000002, 0.24044444444444446, 0.24000000000000002, 0.22788888888888892], 
 "teamOBPs": [0.3436666666666667, 0.3415555555555556, 0.3407777777777778, 0.3331111111111111, 0.33222222222222225, 0.33111111111111113, 0.3283333333333333, 0.32766666666666666, 0.3275555555555556, 0.32566666666666666, 0.32566666666666666, 0.3255555555555556, 0.3227777777777778, 0.3227777777777778, 0.3215555555555556, 0.32066666666666666, 0.32055555555555554, 0.3195555555555555, 0.3188888888888889, 0.31855555555555554, 0.3184444444444445, 0.318, 0.3175555555555556, 0.3166666666666667, 0.3135555555555556, 0.3131111111111111, 0.31177777777777776, 0.30977777777777776, 0.30866666666666664, 0.3035555555555555]
 }