{ 
 "teamOPSs": [0.8065555555555556, 0.8033333333333336, 0.7832222222222223, 0.7736666666666667, 0.7672222222222221, 0.7657777777777777, 0.7604444444444445, 0.7586666666666667, 0.7577777777777778, 0.755, 0.7548888888888888, 0.7542222222222222, 0.7527777777777778, 0.7501111111111112, 0.75, 0.7431111111111112, 0.7422222222222222, 0.7415555555555556, 0.740111111111111, 0.7372222222222221, 0.7344444444444443, 0.7336666666666667, 0.7312222222222222, 0.7258888888888888, 0.7207777777777779, 0.718, 0.7163333333333334, 0.7102222222222222, 0.6930000000000001, 0.6869999999999999], 
 "teamBAs": [0.2662222222222222, 0.2641111111111111, 0.26377777777777783, 0.26211111111111113, 0.2598888888888889, 0.25877777777777783, 0.25855555555555554, 0.2572222222222222, 0.2563333333333333, 0.25533333333333336, 0.25488888888888883, 0.25477777777777777, 0.2531111111111112, 0.2527777777777778, 0.25188888888888894, 0.25177777777777777, 0.25177777777777777, 0.2516666666666667, 0.24944444444444447, 0.24877777777777776, 0.247, 0.24666666666666665, 0.24488888888888885, 0.24422222222222223, 0.24388888888888893, 0.24366666666666667, 0.24311111111111114, 0.23777777777777778, 0.2353333333333333, 0.22877777777777775], 
 "teamOBPs": [0.34533333333333327, 0.3383333333333333, 0.33455555555555555, 0.33366666666666667, 0.33288888888888896, 0.3327777777777778, 0.3322222222222222, 0.3321111111111111, 0.332, 0.3306666666666666, 0.32755555555555554, 0.3268888888888889, 0.32633333333333336, 0.3257777777777778, 0.32499999999999996, 0.3244444444444445, 0.3243333333333333, 0.324, 0.32355555555555554, 0.3223333333333333, 0.32122222222222224, 0.3193333333333333, 0.3178888888888889, 0.3178888888888889, 0.31399999999999995, 0.31266666666666665, 0.31233333333333335, 0.3067777777777778, 0.30477777777777776, 0.29977777777777775]
 }