{ 
 "teamOPSs": [0.8074444444444445, 0.7785555555555556, 0.7744444444444445, 0.7736666666666667, 0.7694444444444445, 0.7668888888888888, 0.7635555555555555, 0.7626666666666666, 0.7563333333333334, 0.7557777777777779, 0.7553333333333333, 0.7534444444444444, 0.7518888888888888, 0.7501111111111111, 0.7491111111111112, 0.7457777777777779, 0.7457777777777778, 0.7455555555555556, 0.7451111111111111, 0.7451111111111111, 0.740111111111111, 0.7337777777777776, 0.7333333333333333, 0.7315555555555555, 0.7248888888888889, 0.7217777777777777, 0.7124444444444444, 0.7123333333333333, 0.7054444444444443, 0.6691111111111111], 
 "teamBAs": [0.2646666666666667, 0.26411111111111113, 0.26311111111111113, 0.2604444444444445, 0.2603333333333333, 0.26022222222222224, 0.2574444444444445, 0.25733333333333336, 0.2571111111111112, 0.25611111111111107, 0.2548888888888889, 0.25422222222222224, 0.2531111111111112, 0.253, 0.2528888888888889, 0.2526666666666667, 0.2522222222222223, 0.2521111111111111, 0.25133333333333335, 0.25077777777777777, 0.2506666666666667, 0.25044444444444447, 0.2501111111111111, 0.24766666666666662, 0.24755555555555558, 0.2471111111111111, 0.24611111111111109, 0.24522222222222226, 0.23855555555555558, 0.2298888888888889], 
 "teamOBPs": [0.33977777777777773, 0.3368888888888889, 0.33666666666666667, 0.33644444444444443, 0.3343333333333333, 0.33355555555555555, 0.33311111111111114, 0.33311111111111114, 0.33222222222222225, 0.32966666666666666, 0.32777777777777783, 0.3273333333333333, 0.32699999999999996, 0.32622222222222225, 0.3251111111111111, 0.32411111111111107, 0.3231111111111111, 0.3228888888888889, 0.32288888888888884, 0.3218888888888889, 0.3201111111111111, 0.3192222222222222, 0.3191111111111111, 0.3188888888888889, 0.3187777777777778, 0.313, 0.3107777777777778, 0.30633333333333335, 0.3061111111111111, 0.3012222222222223]
 }