{ 
 "teamOPSs": [0.801, 0.7835555555555556, 0.7822222222222224, 0.7765555555555557, 0.7722222222222221, 0.7685555555555557, 0.7684444444444444, 0.7642222222222221, 0.7641111111111112, 0.7595555555555555, 0.753, 0.7525555555555555, 0.7484444444444444, 0.7465555555555556, 0.7464444444444445, 0.746, 0.7454444444444444, 0.7453333333333334, 0.7423333333333334, 0.7407777777777779, 0.7398888888888888, 0.7369999999999999, 0.7337777777777778, 0.7327777777777779, 0.7292222222222222, 0.7125555555555555, 0.7104444444444443, 0.7036666666666667, 0.7003333333333333, 0.6805555555555557], 
 "teamBAs": [0.268, 0.26544444444444454, 0.2611111111111111, 0.2595555555555556, 0.2574444444444445, 0.25722222222222224, 0.25699999999999995, 0.2561111111111111, 0.2552222222222222, 0.25511111111111107, 0.2546666666666667, 0.2541111111111111, 0.254, 0.2538888888888889, 0.25344444444444447, 0.25277777777777777, 0.2523333333333333, 0.252, 0.2518888888888889, 0.2518888888888889, 0.2515555555555556, 0.24966666666666665, 0.24922222222222226, 0.24877777777777782, 0.24677777777777785, 0.24611111111111109, 0.2426666666666667, 0.2426666666666667, 0.2353333333333333, 0.23222222222222225], 
 "teamOBPs": [0.34011111111111103, 0.3356666666666666, 0.3342222222222222, 0.3331111111111111, 0.33222222222222225, 0.33144444444444443, 0.3313333333333333, 0.3302222222222222, 0.3298888888888889, 0.3298888888888889, 0.3288888888888889, 0.32733333333333337, 0.32711111111111113, 0.32466666666666666, 0.32433333333333336, 0.32433333333333336, 0.32355555555555554, 0.3231111111111111, 0.32233333333333336, 0.322, 0.3207777777777777, 0.32066666666666666, 0.3194444444444444, 0.3194444444444444, 0.3185555555555556, 0.313, 0.3128888888888889, 0.3093333333333333, 0.3088888888888889, 0.3012222222222223]
 }