{ 
 "teamOPSs": [0.8043333333333335, 0.7964444444444444, 0.7797777777777778, 0.7794444444444446, 0.7784444444444444, 0.7672222222222221, 0.7631111111111112, 0.7606666666666667, 0.7565555555555556, 0.7561111111111113, 0.755, 0.7521111111111111, 0.7501111111111111, 0.748, 0.7470000000000001, 0.7447777777777778, 0.7414444444444445, 0.7401111111111113, 0.7388888888888889, 0.7343333333333333, 0.7311111111111112, 0.721888888888889, 0.721, 0.7175555555555557, 0.7174444444444444, 0.7163333333333334, 0.7133333333333334, 0.7121111111111111, 0.706, 0.6754444444444444], 
 "teamBAs": [0.26655555555555555, 0.26633333333333337, 0.2628888888888889, 0.2622222222222222, 0.26133333333333336, 0.26055555555555554, 0.2603333333333333, 0.2577777777777778, 0.2571111111111111, 0.2565555555555556, 0.256, 0.2544444444444444, 0.2541111111111111, 0.25333333333333335, 0.25322222222222224, 0.2527777777777778, 0.25200000000000006, 0.25077777777777777, 0.25077777777777777, 0.25077777777777777, 0.24944444444444447, 0.24788888888888888, 0.246, 0.2444444444444444, 0.24433333333333332, 0.24388888888888888, 0.2414444444444444, 0.24133333333333334, 0.238, 0.23077777777777778], 
 "teamOBPs": [0.3408888888888889, 0.3363333333333333, 0.336, 0.33566666666666667, 0.33477777777777784, 0.33299999999999996, 0.33233333333333337, 0.33199999999999996, 0.33011111111111113, 0.328, 0.32766666666666666, 0.32722222222222225, 0.32711111111111113, 0.3251111111111111, 0.32433333333333336, 0.3237777777777777, 0.32333333333333336, 0.3224444444444445, 0.3218888888888889, 0.3217777777777778, 0.3186666666666667, 0.3154444444444444, 0.3152222222222222, 0.3146666666666667, 0.3131111111111111, 0.3131111111111111, 0.3098888888888889, 0.3084444444444445, 0.3078888888888889, 0.3055555555555556]
 }