{ 
 "teamOPSs": [0.808, 0.7902222222222222, 0.7856666666666666, 0.7780000000000001, 0.7761111111111111, 0.7722222222222223, 0.7704444444444444, 0.7671111111111112, 0.766888888888889, 0.7652222222222221, 0.7577777777777778, 0.754, 0.7538888888888889, 0.7519999999999999, 0.7483333333333335, 0.7437777777777779, 0.7419999999999999, 0.7415555555555556, 0.7415555555555555, 0.7361111111111112, 0.7351111111111113, 0.7287777777777777, 0.7267777777777779, 0.7174444444444443, 0.7150000000000001, 0.715, 0.7102222222222223, 0.7065555555555556, 0.697888888888889, 0.6891111111111111], 
 "teamBAs": [0.26933333333333337, 0.26355555555555554, 0.2622222222222222, 0.2613333333333333, 0.2597777777777778, 0.2584444444444445, 0.2581111111111111, 0.256, 0.25599999999999995, 0.2548888888888889, 0.25477777777777777, 0.25466666666666665, 0.25388888888888894, 0.25355555555555553, 0.25277777777777777, 0.2522222222222223, 0.2514444444444444, 0.251, 0.251, 0.25, 0.24944444444444447, 0.24855555555555556, 0.24800000000000003, 0.24733333333333338, 0.24644444444444444, 0.24311111111111108, 0.2427777777777778, 0.24055555555555555, 0.23444444444444443, 0.23322222222222225], 
 "teamOBPs": [0.3408888888888889, 0.34022222222222226, 0.3363333333333334, 0.33322222222222225, 0.33266666666666667, 0.33222222222222225, 0.331, 0.33011111111111113, 0.3287777777777778, 0.328111111111111, 0.3268888888888889, 0.3255555555555556, 0.32499999999999996, 0.3241111111111111, 0.3225555555555555, 0.3223333333333333, 0.3218888888888889, 0.32033333333333336, 0.3201111111111111, 0.32000000000000006, 0.319, 0.3188888888888889, 0.3187777777777778, 0.31866666666666665, 0.3167777777777778, 0.31600000000000006, 0.31266666666666665, 0.31222222222222223, 0.31066666666666665, 0.3074444444444444]
 }