{ 
 "teamOPSs": [0.7825555555555554, 0.7724444444444444, 0.7713333333333332, 0.7622222222222222, 0.7615555555555555, 0.7551111111111112, 0.7519999999999999, 0.7519999999999999, 0.7398888888888888, 0.7354444444444445, 0.734, 0.7324444444444445, 0.7319999999999999, 0.7310000000000001, 0.729, 0.7286666666666667, 0.7286666666666666, 0.726, 0.7232222222222222, 0.7232222222222221, 0.7189999999999999, 0.7173333333333334, 0.7170000000000001, 0.7156666666666666, 0.7133333333333334, 0.7063333333333334, 0.7045555555555556, 0.6941111111111111, 0.6935555555555555, 0.673888888888889], 
 "teamBAs": [0.26166666666666666, 0.2607777777777778, 0.2596666666666666, 0.259, 0.2586666666666667, 0.2568888888888889, 0.2555555555555556, 0.25500000000000006, 0.25355555555555553, 0.25333333333333335, 0.2531111111111112, 0.2531111111111111, 0.2528888888888889, 0.2516666666666667, 0.25122222222222224, 0.25055555555555553, 0.25044444444444447, 0.24911111111111117, 0.24822222222222223, 0.24811111111111117, 0.24711111111111114, 0.24711111111111114, 0.24700000000000003, 0.24444444444444446, 0.2426666666666667, 0.241, 0.2408888888888889, 0.23800000000000004, 0.23422222222222222, 0.228], 
 "teamOBPs": [0.33888888888888885, 0.33277777777777773, 0.33244444444444443, 0.3286666666666666, 0.3282222222222222, 0.32755555555555554, 0.32700000000000007, 0.3253333333333333, 0.32522222222222225, 0.32411111111111107, 0.3234444444444444, 0.3223333333333333, 0.322, 0.32133333333333336, 0.3211111111111112, 0.321, 0.3203333333333333, 0.31977777777777777, 0.31966666666666665, 0.31955555555555554, 0.3184444444444445, 0.31666666666666665, 0.31533333333333335, 0.3142222222222222, 0.3141111111111111, 0.3135555555555556, 0.3134444444444444, 0.30877777777777776, 0.3054444444444444, 0.2941111111111111]
 }