{ 
 "teamOPSs": [0.8055555555555557, 0.8033333333333333, 0.79, 0.7768888888888889, 0.7669999999999999, 0.7597777777777777, 0.7585555555555555, 0.7571111111111111, 0.7556666666666666, 0.7496666666666667, 0.7482222222222222, 0.7454444444444444, 0.7448888888888888, 0.7447777777777778, 0.7392222222222222, 0.7391111111111112, 0.736, 0.7337777777777778, 0.7278888888888889, 0.7278888888888888, 0.725, 0.7231111111111111, 0.7217777777777779, 0.7217777777777777, 0.7205555555555556, 0.7202222222222221, 0.7193333333333334, 0.716111111111111, 0.7041111111111111, 0.6856666666666668], 
 "teamBAs": [0.2636666666666667, 0.2628888888888889, 0.2622222222222222, 0.26, 0.25855555555555554, 0.2574444444444445, 0.25533333333333336, 0.25522222222222224, 0.255, 0.2543333333333333, 0.25322222222222224, 0.2531111111111111, 0.2531111111111111, 0.25288888888888894, 0.25177777777777777, 0.25133333333333335, 0.25100000000000006, 0.2502222222222223, 0.25, 0.2495555555555556, 0.24911111111111112, 0.2488888888888889, 0.24655555555555553, 0.24633333333333335, 0.24477777777777776, 0.24322222222222223, 0.24200000000000005, 0.23877777777777778, 0.23377777777777778, 0.22711111111111112], 
 "teamOBPs": [0.3446666666666667, 0.3413333333333333, 0.33366666666666667, 0.33266666666666667, 0.3314444444444444, 0.33066666666666666, 0.3295555555555556, 0.3283333333333333, 0.32766666666666666, 0.3258888888888889, 0.3253333333333333, 0.3247777777777777, 0.3242222222222222, 0.32411111111111107, 0.32388888888888895, 0.3231111111111111, 0.32266666666666666, 0.32266666666666666, 0.3211111111111112, 0.32088888888888895, 0.32, 0.3194444444444444, 0.31900000000000006, 0.31633333333333336, 0.3141111111111111, 0.31366666666666665, 0.3127777777777778, 0.3116666666666667, 0.3075555555555555, 0.30377777777777776]
 }