{ 
 "teamOPSs": [0.8133333333333332, 0.7996666666666666, 0.7864444444444444, 0.7786666666666667, 0.7777777777777778, 0.7672222222222222, 0.7563333333333332, 0.7551111111111111, 0.7542222222222222, 0.7532222222222222, 0.753, 0.7524444444444445, 0.7524444444444445, 0.7512222222222223, 0.7480000000000001, 0.7474444444444445, 0.7446666666666667, 0.7441111111111111, 0.7412222222222222, 0.74, 0.739, 0.7337777777777779, 0.7285555555555556, 0.7280000000000001, 0.7273333333333335, 0.7264444444444443, 0.7161111111111111, 0.7121111111111111, 0.6935555555555555, 0.6862222222222223], 
 "teamBAs": [0.26633333333333337, 0.2627777777777778, 0.26233333333333336, 0.2622222222222222, 0.2608888888888889, 0.2597777777777778, 0.25922222222222224, 0.2582222222222222, 0.25766666666666665, 0.25688888888888894, 0.25555555555555554, 0.2551111111111112, 0.2544444444444445, 0.2541111111111111, 0.2534444444444445, 0.25211111111111106, 0.252, 0.25177777777777777, 0.25122222222222224, 0.24844444444444447, 0.247, 0.24611111111111109, 0.2458888888888889, 0.2457777777777778, 0.24522222222222226, 0.24433333333333332, 0.2424444444444445, 0.241, 0.24055555555555555, 0.228], 
 "teamOBPs": [0.34344444444444444, 0.3375555555555556, 0.33555555555555555, 0.33466666666666667, 0.3342222222222222, 0.3334444444444445, 0.3333333333333333, 0.33111111111111113, 0.33, 0.32933333333333337, 0.32911111111111113, 0.3287777777777778, 0.3267777777777778, 0.32666666666666666, 0.32466666666666666, 0.32455555555555554, 0.3244444444444445, 0.3238888888888889, 0.32333333333333336, 0.32166666666666666, 0.3208888888888889, 0.3205555555555556, 0.32055555555555554, 0.31533333333333335, 0.3141111111111111, 0.3134444444444444, 0.30811111111111106, 0.306, 0.3058888888888889, 0.3018888888888889]
 }