{ 
 "teamOPSs": [0.7827777777777778, 0.7728888888888888, 0.7683333333333332, 0.7672222222222222, 0.7658888888888888, 0.7584444444444444, 0.7532222222222222, 0.7492222222222221, 0.7443333333333332, 0.7433333333333333, 0.7426666666666666, 0.742111111111111, 0.7374444444444445, 0.7343333333333333, 0.7324444444444445, 0.7305555555555556, 0.7302222222222222, 0.7258888888888888, 0.7245555555555556, 0.7225555555555556, 0.7167777777777777, 0.7158888888888888, 0.713888888888889, 0.7117777777777777, 0.7016666666666667, 0.7, 0.6993333333333333, 0.6967777777777778, 0.6836666666666668, 0.6633333333333333], 
 "teamBAs": [0.2643333333333333, 0.262, 0.262, 0.26155555555555554, 0.261, 0.2587777777777778, 0.25722222222222224, 0.2561111111111111, 0.25466666666666665, 0.2544444444444445, 0.25333333333333335, 0.25266666666666665, 0.25144444444444447, 0.25122222222222224, 0.2497777777777778, 0.2494444444444444, 0.24933333333333335, 0.24822222222222226, 0.24744444444444447, 0.24733333333333338, 0.24722222222222223, 0.24544444444444447, 0.2444444444444444, 0.24333333333333332, 0.2427777777777778, 0.24177777777777776, 0.24144444444444446, 0.23966666666666667, 0.2317777777777778, 0.22], 
 "teamOBPs": [0.33799999999999997, 0.3348888888888889, 0.3297777777777778, 0.32866666666666666, 0.32833333333333337, 0.328, 0.32711111111111113, 0.3262222222222222, 0.326, 0.32555555555555554, 0.32522222222222225, 0.3245555555555556, 0.32433333333333336, 0.3228888888888889, 0.3222222222222222, 0.3221111111111112, 0.32177777777777783, 0.3195555555555556, 0.31933333333333336, 0.3191111111111111, 0.319, 0.31777777777777777, 0.3157777777777777, 0.3133333333333333, 0.31322222222222224, 0.30866666666666664, 0.30777777777777776, 0.3027777777777778, 0.302, 0.2994444444444444]
 }