{ 
 "teamOPSs": [0.799, 0.7946666666666666, 0.7802222222222223, 0.7757777777777778, 0.7747777777777779, 0.772888888888889, 0.7692222222222223, 0.766888888888889, 0.7655555555555555, 0.7611111111111112, 0.7516666666666666, 0.7451111111111112, 0.7433333333333333, 0.7414444444444445, 0.740888888888889, 0.7405555555555554, 0.7388888888888888, 0.738, 0.7356666666666667, 0.7347777777777779, 0.7311111111111112, 0.7308888888888888, 0.7244444444444444, 0.7231111111111111, 0.7205555555555556, 0.718, 0.7153333333333334, 0.7046666666666668, 0.7034444444444445, 0.6946666666666668], 
 "teamBAs": [0.26522222222222225, 0.26422222222222225, 0.2637777777777778, 0.2627777777777778, 0.26, 0.2596666666666667, 0.25966666666666666, 0.2595555555555556, 0.25577777777777777, 0.25466666666666665, 0.2545555555555556, 0.2543333333333333, 0.2538888888888889, 0.25377777777777777, 0.25366666666666665, 0.2528888888888889, 0.25255555555555553, 0.2524444444444444, 0.2522222222222222, 0.251, 0.24944444444444447, 0.24911111111111112, 0.249, 0.24733333333333332, 0.24688888888888888, 0.24488888888888885, 0.24300000000000002, 0.24044444444444446, 0.23933333333333331, 0.231], 
 "teamOBPs": [0.3411111111111111, 0.33944444444444444, 0.33677777777777773, 0.3343333333333333, 0.334, 0.33299999999999996, 0.33100000000000007, 0.3304444444444445, 0.32844444444444443, 0.328, 0.3277777777777778, 0.32711111111111113, 0.3268888888888889, 0.3255555555555556, 0.3254444444444445, 0.32533333333333336, 0.32355555555555554, 0.3231111111111111, 0.3227777777777778, 0.3224444444444444, 0.3203333333333333, 0.3198888888888889, 0.3188888888888889, 0.3178888888888889, 0.315, 0.3132222222222223, 0.31277777777777777, 0.31211111111111106, 0.309, 0.30577777777777776]
 }