{ 
 "teamOPSs": [0.7804444444444445, 0.7742222222222223, 0.769888888888889, 0.7658888888888888, 0.7652222222222221, 0.7535555555555555, 0.7505555555555554, 0.7496666666666667, 0.7483333333333333, 0.7465555555555555, 0.7464444444444445, 0.7438888888888889, 0.7406666666666667, 0.7388888888888888, 0.730111111111111, 0.7294444444444445, 0.7243333333333333, 0.7235555555555556, 0.7215555555555555, 0.7173333333333334, 0.7166666666666667, 0.7127777777777777, 0.7117777777777777, 0.705111111111111, 0.7017777777777777, 0.7016666666666667, 0.6984444444444444, 0.6967777777777778, 0.693, 0.6703333333333332], 
 "teamBAs": [0.262, 0.26177777777777783, 0.26155555555555554, 0.25911111111111107, 0.25733333333333336, 0.25688888888888894, 0.2565555555555556, 0.2557777777777778, 0.255, 0.25477777777777777, 0.25455555555555553, 0.2525555555555556, 0.25166666666666665, 0.25122222222222224, 0.25111111111111106, 0.2497777777777778, 0.24966666666666665, 0.24955555555555556, 0.24933333333333335, 0.24855555555555556, 0.2471111111111111, 0.24466666666666667, 0.24455555555555555, 0.24311111111111114, 0.2427777777777778, 0.24255555555555552, 0.24166666666666664, 0.2411111111111111, 0.23966666666666667, 0.22711111111111112], 
 "teamOBPs": [0.3393333333333334, 0.33744444444444444, 0.33711111111111114, 0.3294444444444444, 0.32888888888888895, 0.32822222222222225, 0.328, 0.3274444444444444, 0.32700000000000007, 0.32499999999999996, 0.32466666666666666, 0.32433333333333336, 0.32355555555555554, 0.3234444444444445, 0.3221111111111111, 0.3213333333333333, 0.321, 0.3197777777777777, 0.31733333333333336, 0.3154444444444444, 0.31466666666666676, 0.3146666666666666, 0.3143333333333333, 0.31366666666666665, 0.3122222222222222, 0.31055555555555553, 0.30777777777777776, 0.3027777777777778, 0.3013333333333333, 0.29655555555555557]
 }